h_pct,size,metric,x,value
4,,goodput_gbps,,176.28
4,4096,fct_cdf,3.7269,0.0010
4,4096,fct_cdf,4.1712,0.5010
4,4096,fct_cdf,4.2912,1.0010
4,4096,fct_cdf,4.3874,1.5010
4,4096,fct_cdf,4.4703,2.0011
4,4096,fct_cdf,4.5508,2.5011
4,4096,fct_cdf,4.6341,3.0011
4,4096,fct_cdf,4.7179,3.5011
4,4096,fct_cdf,4.8098,4.0011
4,4096,fct_cdf,4.8960,4.5011
4,4096,fct_cdf,4.9875,5.0012
4,4096,fct_cdf,5.0770,5.5012
4,4096,fct_cdf,5.1670,6.0012
4,4096,fct_cdf,5.2594,6.5012
4,4096,fct_cdf,5.3480,7.0012
4,4096,fct_cdf,5.4351,7.5012
4,4096,fct_cdf,5.5251,8.0012
4,4096,fct_cdf,5.6128,8.5013
4,4096,fct_cdf,5.6890,9.0013
4,4096,fct_cdf,5.7737,9.5013
4,4096,fct_cdf,5.8571,10.0013
4,4096,fct_cdf,5.9318,10.5013
4,4096,fct_cdf,6.0104,11.0013
4,4096,fct_cdf,6.0899,11.5013
4,4096,fct_cdf,6.1714,12.0014
4,4096,fct_cdf,6.2557,12.5014
4,4096,fct_cdf,6.3338,13.0004
4,4096,fct_cdf,6.4180,13.5004
4,4096,fct_cdf,6.5000,14.0004
4,4096,fct_cdf,6.5757,14.5004
4,4096,fct_cdf,6.6490,15.0005
4,4096,fct_cdf,6.7300,15.5005
4,4096,fct_cdf,6.8119,16.0005
4,4096,fct_cdf,6.8909,16.5005
4,4096,fct_cdf,6.9657,17.0005
4,4096,fct_cdf,7.0428,17.5005
4,4096,fct_cdf,7.1171,18.0005
4,4096,fct_cdf,7.1924,18.5006
4,4096,fct_cdf,7.2695,19.0006
4,4096,fct_cdf,7.3424,19.5006
4,4096,fct_cdf,7.4205,20.0006
4,4096,fct_cdf,7.4962,20.5006
4,4096,fct_cdf,7.5686,21.0006
4,4096,fct_cdf,7.6415,21.5006
4,4096,fct_cdf,7.7143,22.0007
4,4096,fct_cdf,7.7867,22.5007
4,4096,fct_cdf,7.8639,23.0007
4,4096,fct_cdf,7.9448,23.5007
4,4096,fct_cdf,8.0191,24.0007
4,4096,fct_cdf,8.0939,24.5007
4,4096,fct_cdf,8.1691,25.0008
4,4096,fct_cdf,8.2439,25.5008
4,4096,fct_cdf,8.3153,26.0008
4,4096,fct_cdf,8.3910,26.5008
4,4096,fct_cdf,8.4629,27.0008
4,4096,fct_cdf,8.5382,27.5008
4,4096,fct_cdf,8.6091,28.0008
4,4096,fct_cdf,8.6801,28.5009
4,4096,fct_cdf,8.7563,29.0009
4,4096,fct_cdf,8.8244,29.5009
4,4096,fct_cdf,8.8963,30.0009
4,4096,fct_cdf,8.9630,30.5009
4,4096,fct_cdf,9.0368,31.0009
4,4096,fct_cdf,9.1087,31.5009
4,4096,fct_cdf,9.1873,32.0010
4,4096,fct_cdf,9.2573,32.5010
4,4096,fct_cdf,9.3339,33.0010
4,4096,fct_cdf,9.4073,33.5010
4,4096,fct_cdf,9.4849,34.0010
4,4096,fct_cdf,9.5625,34.5010
4,4096,fct_cdf,9.6340,35.0011
4,4096,fct_cdf,9.7102,35.5011
4,4096,fct_cdf,9.7849,36.0011
4,4096,fct_cdf,9.8659,36.5011
4,4096,fct_cdf,9.9492,37.0011
4,4096,fct_cdf,10.0302,37.5001
4,4096,fct_cdf,10.1059,38.0001
4,4096,fct_cdf,10.1883,38.5002
4,4096,fct_cdf,10.2726,39.0002
4,4096,fct_cdf,10.3564,39.5002
4,4096,fct_cdf,10.4474,40.0002
4,4096,fct_cdf,10.5278,40.5002
4,4096,fct_cdf,10.6088,41.0002
4,4096,fct_cdf,10.6912,41.5002
4,4096,fct_cdf,10.7817,42.0003
4,4096,fct_cdf,10.8674,42.5003
4,4096,fct_cdf,10.9521,43.0003
4,4096,fct_cdf,11.0393,43.5003
4,4096,fct_cdf,11.1188,44.0003
4,4096,fct_cdf,11.2036,44.5003
4,4096,fct_cdf,11.2912,45.0004
4,4096,fct_cdf,11.3765,45.5004
4,4096,fct_cdf,11.4627,46.0004
4,4096,fct_cdf,11.5598,46.5004
4,4096,fct_cdf,11.6503,47.0004
4,4096,fct_cdf,11.7427,47.5004
4,4096,fct_cdf,11.8408,48.0004
4,4096,fct_cdf,11.9341,48.5005
4,4096,fct_cdf,12.0317,49.0005
4,4096,fct_cdf,12.1222,49.5005
4,4096,fct_cdf,12.2213,50.0005
4,4096,fct_cdf,12.3199,50.5005
4,4096,fct_cdf,12.4184,51.0005
4,4096,fct_cdf,12.5213,51.5005
4,4096,fct_cdf,12.6375,52.0006
4,4096,fct_cdf,12.7370,52.5006
4,4096,fct_cdf,12.8461,53.0006
4,4096,fct_cdf,12.9656,53.5006
4,4096,fct_cdf,13.0690,54.0006
4,4096,fct_cdf,13.1899,54.5006
4,4096,fct_cdf,13.3085,55.0007
4,4096,fct_cdf,13.4209,55.5007
4,4096,fct_cdf,13.5466,56.0007
4,4096,fct_cdf,13.6619,56.5007
4,4096,fct_cdf,13.7809,57.0007
4,4096,fct_cdf,13.9009,57.5007
4,4096,fct_cdf,14.0290,58.0007
4,4096,fct_cdf,14.1576,58.5008
4,4096,fct_cdf,14.3000,59.0008
4,4096,fct_cdf,14.4462,59.5008
4,4096,fct_cdf,14.5938,60.0008
4,4096,fct_cdf,14.7372,60.5008
4,4096,fct_cdf,14.8781,61.0008
4,4096,fct_cdf,15.0229,61.5008
4,4096,fct_cdf,15.1781,62.0009
4,4096,fct_cdf,15.3320,62.5009
4,4096,fct_cdf,15.5034,62.9999
4,4096,fct_cdf,15.6729,63.4999
4,4096,fct_cdf,15.8372,63.9999
4,4096,fct_cdf,16.0211,64.4999
4,4096,fct_cdf,16.1915,64.9999
4,4096,fct_cdf,16.3749,65.5000
4,4096,fct_cdf,16.5835,66.0000
4,4096,fct_cdf,16.7711,66.5000
4,4096,fct_cdf,16.9664,67.0000
4,4096,fct_cdf,17.1835,67.5000
4,4096,fct_cdf,17.4097,68.0000
4,4096,fct_cdf,17.6393,68.5001
4,4096,fct_cdf,17.8759,69.0001
4,4096,fct_cdf,18.1060,69.5001
4,4096,fct_cdf,18.3531,70.0001
4,4096,fct_cdf,18.5922,70.5001
4,4096,fct_cdf,18.8574,71.0001
4,4096,fct_cdf,19.1313,71.5001
4,4096,fct_cdf,19.3946,72.0002
4,4096,fct_cdf,19.6632,72.5002
4,4096,fct_cdf,19.9632,73.0002
4,4096,fct_cdf,20.2780,73.5002
4,4096,fct_cdf,20.5880,74.0002
4,4096,fct_cdf,20.9290,74.5002
4,4096,fct_cdf,21.2647,75.0003
4,4096,fct_cdf,21.6305,75.5003
4,4096,fct_cdf,21.9957,76.0003
4,4096,fct_cdf,22.3805,76.5003
4,4096,fct_cdf,22.7848,77.0003
4,4096,fct_cdf,23.1806,77.5003
4,4096,fct_cdf,23.5639,78.0003
4,4096,fct_cdf,23.9754,78.5004
4,4096,fct_cdf,24.4107,79.0004
4,4096,fct_cdf,24.8359,79.5004
4,4096,fct_cdf,25.2860,80.0004
4,4096,fct_cdf,25.7465,80.5004
4,4096,fct_cdf,26.2108,81.0004
4,4096,fct_cdf,26.7189,81.5004
4,4096,fct_cdf,27.2161,82.0005
4,4096,fct_cdf,27.6971,82.5005
4,4096,fct_cdf,28.1690,83.0005
4,4096,fct_cdf,28.6747,83.5005
4,4096,fct_cdf,29.2153,84.0005
4,4096,fct_cdf,29.7267,84.5005
4,4096,fct_cdf,30.2510,85.0006
4,4096,fct_cdf,30.8673,85.5006
4,4096,fct_cdf,31.4925,86.0006
4,4096,fct_cdf,32.0669,86.5006
4,4096,fct_cdf,32.6445,87.0006
4,4096,fct_cdf,33.2031,87.4996
4,4096,fct_cdf,33.7236,87.9996
4,4096,fct_cdf,34.2827,88.4997
4,4096,fct_cdf,34.8475,88.9997
4,4096,fct_cdf,35.3914,89.4997
4,4096,fct_cdf,35.9457,89.9997
4,4096,fct_cdf,36.4757,90.4997
4,4096,fct_cdf,36.9991,90.9997
4,4096,fct_cdf,37.5258,91.4997
4,4096,fct_cdf,37.9973,91.9998
4,4096,fct_cdf,38.4511,92.4998
4,4096,fct_cdf,38.8992,92.9998
4,4096,fct_cdf,39.3745,93.4998
4,4096,fct_cdf,39.8193,93.9998
4,4096,fct_cdf,40.2807,94.4998
4,4096,fct_cdf,40.7555,94.9998
4,4096,fct_cdf,41.2165,95.4999
4,4096,fct_cdf,41.7008,95.9999
4,4096,fct_cdf,42.1980,96.4999
4,4096,fct_cdf,42.7847,96.9999
4,4096,fct_cdf,43.3886,97.4999
4,4096,fct_cdf,44.0819,97.9999
4,4096,fct_cdf,44.8901,98.5000
4,4096,fct_cdf,45.8759,99.0000
4,4096,fct_cdf,47.5022,99.5000
4,4096,fct_cdf,78.5714,100.0000
4,4096,fct_p50,,12.221
4,4096,fct_p99,,45.879
4,4096,fct_p999,,51.079
4,4096,samples,,99997
4,65536,fct_cdf,113.6410,0.0040
4,65536,fct_cdf,137.9400,0.5041
4,65536,fct_cdf,145.6190,1.0041
4,65536,fct_cdf,150.4030,1.5042
4,65536,fct_cdf,154.1920,2.0042
4,65536,fct_cdf,157.1210,2.5043
4,65536,fct_cdf,159.7420,3.0044
4,65536,fct_cdf,162.0470,3.5044
4,65536,fct_cdf,163.7920,4.0045
4,65536,fct_cdf,165.1700,4.5045
4,65536,fct_cdf,166.8290,5.0046
4,65536,fct_cdf,168.2950,5.5047
4,65536,fct_cdf,169.7450,6.0047
4,65536,fct_cdf,170.8290,6.5048
4,65536,fct_cdf,172.1240,7.0048
4,65536,fct_cdf,173.2240,7.5049
4,65536,fct_cdf,174.3310,8.0050
4,65536,fct_cdf,175.3670,8.5050
4,65536,fct_cdf,176.4300,9.0051
4,65536,fct_cdf,177.3330,9.5051
4,65536,fct_cdf,178.1440,10.0052
4,65536,fct_cdf,179.2020,10.5053
4,65536,fct_cdf,180.2930,11.0053
4,65536,fct_cdf,180.9740,11.5054
4,65536,fct_cdf,182.0290,12.0054
4,65536,fct_cdf,182.8890,12.5015
4,65536,fct_cdf,183.8100,13.0016
4,65536,fct_cdf,184.8380,13.5016
4,65536,fct_cdf,185.6700,14.0017
4,65536,fct_cdf,186.4410,14.5017
4,65536,fct_cdf,187.3270,15.0018
4,65536,fct_cdf,188.1570,15.5019
4,65536,fct_cdf,188.9140,16.0019
4,65536,fct_cdf,189.7600,16.5020
4,65536,fct_cdf,190.4730,17.0020
4,65536,fct_cdf,191.2010,17.5021
4,65536,fct_cdf,191.9640,18.0022
4,65536,fct_cdf,192.7440,18.5022
4,65536,fct_cdf,193.4280,19.0023
4,65536,fct_cdf,194.3140,19.5023
4,65536,fct_cdf,195.1080,20.0024
4,65536,fct_cdf,195.9080,20.5025
4,65536,fct_cdf,196.6780,21.0025
4,65536,fct_cdf,197.4610,21.5026
4,65536,fct_cdf,198.1360,22.0026
4,65536,fct_cdf,198.7300,22.5027
4,65536,fct_cdf,199.5380,23.0028
4,65536,fct_cdf,200.2670,23.5028
4,65536,fct_cdf,200.9180,24.0029
4,65536,fct_cdf,201.6950,24.5029
4,65536,fct_cdf,202.4190,25.0030
4,65536,fct_cdf,203.2020,25.5031
4,65536,fct_cdf,203.8670,26.0031
4,65536,fct_cdf,204.5580,26.5032
4,65536,fct_cdf,205.2000,27.0032
4,65536,fct_cdf,205.9510,27.5033
4,65536,fct_cdf,206.7460,28.0034
4,65536,fct_cdf,207.3820,28.5034
4,65536,fct_cdf,208.0790,29.0035
4,65536,fct_cdf,208.7270,29.5035
4,65536,fct_cdf,209.5890,30.0036
4,65536,fct_cdf,210.3120,30.5037
4,65536,fct_cdf,211.1340,31.0037
4,65536,fct_cdf,211.8540,31.5038
4,65536,fct_cdf,212.4990,32.0038
4,65536,fct_cdf,213.1610,32.5039
4,65536,fct_cdf,213.8770,33.0040
4,65536,fct_cdf,214.4630,33.5040
4,65536,fct_cdf,215.1550,34.0041
4,65536,fct_cdf,216.0030,34.5041
4,65536,fct_cdf,216.6110,35.0042
4,65536,fct_cdf,217.2600,35.5043
4,65536,fct_cdf,217.9030,36.0043
4,65536,fct_cdf,218.6340,36.5044
4,65536,fct_cdf,219.3040,37.0044
4,65536,fct_cdf,219.9620,37.5045
4,65536,fct_cdf,220.7470,38.0006
4,65536,fct_cdf,221.3590,38.5006
4,65536,fct_cdf,222.0110,39.0007
4,65536,fct_cdf,222.6690,39.5007
4,65536,fct_cdf,223.3480,40.0008
4,65536,fct_cdf,224.0230,40.5009
4,65536,fct_cdf,224.6910,41.0009
4,65536,fct_cdf,225.3520,41.5010
4,65536,fct_cdf,226.0010,42.0010
4,65536,fct_cdf,226.5490,42.5011
4,65536,fct_cdf,227.2320,43.0012
4,65536,fct_cdf,227.8010,43.5012
4,65536,fct_cdf,228.5080,44.0013
4,65536,fct_cdf,229.0600,44.5013
4,65536,fct_cdf,229.7520,45.0014
4,65536,fct_cdf,230.3770,45.5015
4,65536,fct_cdf,231.0380,46.0015
4,65536,fct_cdf,231.6300,46.5016
4,65536,fct_cdf,232.3800,47.0016
4,65536,fct_cdf,233.0150,47.5017
4,65536,fct_cdf,233.6030,48.0018
4,65536,fct_cdf,234.3260,48.5018
4,65536,fct_cdf,234.9490,49.0019
4,65536,fct_cdf,235.4890,49.5019
4,65536,fct_cdf,236.1810,50.0020
4,65536,fct_cdf,236.7920,50.5021
4,65536,fct_cdf,237.4620,51.0021
4,65536,fct_cdf,238.1220,51.5022
4,65536,fct_cdf,238.8090,52.0022
4,65536,fct_cdf,239.4420,52.5023
4,65536,fct_cdf,240.0320,53.0024
4,65536,fct_cdf,240.6900,53.5024
4,65536,fct_cdf,241.2670,54.0025
4,65536,fct_cdf,241.8810,54.5025
4,65536,fct_cdf,242.5290,55.0026
4,65536,fct_cdf,243.2100,55.5027
4,65536,fct_cdf,243.7800,56.0027
4,65536,fct_cdf,244.3320,56.5028
4,65536,fct_cdf,244.9600,57.0028
4,65536,fct_cdf,245.6290,57.5029
4,65536,fct_cdf,246.3870,58.0030
4,65536,fct_cdf,247.1300,58.5030
4,65536,fct_cdf,247.8250,59.0031
4,65536,fct_cdf,248.5100,59.5031
4,65536,fct_cdf,249.1380,60.0032
4,65536,fct_cdf,249.8280,60.5033
4,65536,fct_cdf,250.4630,61.0033
4,65536,fct_cdf,251.1600,61.5034
4,65536,fct_cdf,251.9540,62.0034
4,65536,fct_cdf,252.7140,62.4995
4,65536,fct_cdf,253.5190,62.9996
4,65536,fct_cdf,254.2840,63.4996
4,65536,fct_cdf,255.0550,63.9997
4,65536,fct_cdf,255.7840,64.4997
4,65536,fct_cdf,256.5440,64.9998
4,65536,fct_cdf,257.3040,65.4999
4,65536,fct_cdf,257.9470,65.9999
4,65536,fct_cdf,258.7030,66.5000
4,65536,fct_cdf,259.3810,67.0000
4,65536,fct_cdf,260.3070,67.5001
4,65536,fct_cdf,261.1360,68.0002
4,65536,fct_cdf,261.9730,68.5002
4,65536,fct_cdf,262.7700,69.0003
4,65536,fct_cdf,263.5610,69.5003
4,65536,fct_cdf,264.4860,70.0004
4,65536,fct_cdf,265.3210,70.5005
4,65536,fct_cdf,266.1420,71.0005
4,65536,fct_cdf,266.9930,71.5006
4,65536,fct_cdf,267.9230,72.0006
4,65536,fct_cdf,268.9030,72.5007
4,65536,fct_cdf,269.9590,73.0008
4,65536,fct_cdf,270.9200,73.5008
4,65536,fct_cdf,271.9690,74.0009
4,65536,fct_cdf,273.0570,74.5009
4,65536,fct_cdf,273.9750,75.0010
4,65536,fct_cdf,275.0600,75.5011
4,65536,fct_cdf,276.1070,76.0011
4,65536,fct_cdf,277.2940,76.5012
4,65536,fct_cdf,278.3710,77.0012
4,65536,fct_cdf,279.6280,77.5013
4,65536,fct_cdf,280.8240,78.0014
4,65536,fct_cdf,282.2290,78.5014
4,65536,fct_cdf,283.3820,79.0015
4,65536,fct_cdf,284.7500,79.5015
4,65536,fct_cdf,286.1480,80.0016
4,65536,fct_cdf,287.3020,80.5017
4,65536,fct_cdf,288.6780,81.0017
4,65536,fct_cdf,290.1670,81.5018
4,65536,fct_cdf,291.3430,82.0018
4,65536,fct_cdf,292.6460,82.5019
4,65536,fct_cdf,294.0300,83.0020
4,65536,fct_cdf,295.3700,83.5020
4,65536,fct_cdf,296.7060,84.0021
4,65536,fct_cdf,298.1660,84.5021
4,65536,fct_cdf,299.5730,85.0022
4,65536,fct_cdf,301.0760,85.5023
4,65536,fct_cdf,302.6190,86.0023
4,65536,fct_cdf,304.3730,86.5024
4,65536,fct_cdf,306.3010,87.0024
4,65536,fct_cdf,308.1400,87.5025
4,65536,fct_cdf,309.8460,87.9986
4,65536,fct_cdf,311.5750,88.4986
4,65536,fct_cdf,313.5860,88.9987
4,65536,fct_cdf,315.6670,89.4987
4,65536,fct_cdf,317.9840,89.9988
4,65536,fct_cdf,319.8050,90.4989
4,65536,fct_cdf,322.3000,90.9989
4,65536,fct_cdf,324.5480,91.4990
4,65536,fct_cdf,326.9150,91.9990
4,65536,fct_cdf,329.2730,92.4991
4,65536,fct_cdf,331.6360,92.9992
4,65536,fct_cdf,334.2320,93.4992
4,65536,fct_cdf,336.5400,93.9993
4,65536,fct_cdf,339.0330,94.4993
4,65536,fct_cdf,342.6750,94.9994
4,65536,fct_cdf,346.2030,95.4995
4,65536,fct_cdf,350.8550,95.9995
4,65536,fct_cdf,356.1750,96.4996
4,65536,fct_cdf,361.6140,96.9996
4,65536,fct_cdf,369.2280,97.4997
4,65536,fct_cdf,378.0830,97.9998
4,65536,fct_cdf,390.7810,98.4998
4,65536,fct_cdf,410.0110,98.9999
4,65536,fct_cdf,438.3190,99.4999
4,65536,fct_cdf,684.1970,100.0000
4,65536,fct_p50,,236.181
4,65536,fct_p99,,410.027
4,65536,fct_p999,,513.214
4,65536,samples,,24997
6,,goodput_gbps,,176.29
6,4096,fct_cdf,3.5389,0.0010
6,4096,fct_cdf,3.8899,0.5010
6,4096,fct_cdf,3.9908,1.0010
6,4096,fct_cdf,4.0732,1.5010
6,4096,fct_cdf,4.1527,2.0011
6,4096,fct_cdf,4.2346,2.5011
6,4096,fct_cdf,4.3161,3.0011
6,4096,fct_cdf,4.3903,3.5011
6,4096,fct_cdf,4.4703,4.0011
6,4096,fct_cdf,4.5484,4.5011
6,4096,fct_cdf,4.6313,5.0012
6,4096,fct_cdf,4.7161,5.5012
6,4096,fct_cdf,4.7965,6.0012
6,4096,fct_cdf,4.8732,6.5012
6,4096,fct_cdf,4.9503,7.0012
6,4096,fct_cdf,5.0218,7.5012
6,4096,fct_cdf,5.0960,8.0012
6,4096,fct_cdf,5.1622,8.5013
6,4096,fct_cdf,5.2260,9.0013
6,4096,fct_cdf,5.2879,9.5013
6,4096,fct_cdf,5.3537,10.0013
6,4096,fct_cdf,5.4156,10.5013
6,4096,fct_cdf,5.4813,11.0013
6,4096,fct_cdf,5.5437,11.5013
6,4096,fct_cdf,5.5994,12.0014
6,4096,fct_cdf,5.6560,12.5014
6,4096,fct_cdf,5.7141,13.0004
6,4096,fct_cdf,5.7722,13.5004
6,4096,fct_cdf,5.8308,14.0004
6,4096,fct_cdf,5.8822,14.5004
6,4096,fct_cdf,5.9379,15.0005
6,4096,fct_cdf,5.9946,15.5005
6,4096,fct_cdf,6.0498,16.0005
6,4096,fct_cdf,6.1108,16.5005
6,4096,fct_cdf,6.1665,17.0005
6,4096,fct_cdf,6.2203,17.5005
6,4096,fct_cdf,6.2774,18.0005
6,4096,fct_cdf,6.3274,18.5006
6,4096,fct_cdf,6.3784,19.0006
6,4096,fct_cdf,6.4346,19.5006
6,4096,fct_cdf,6.4908,20.0006
6,4096,fct_cdf,6.5446,20.5006
6,4096,fct_cdf,6.5993,21.0006
6,4096,fct_cdf,6.6527,21.5006
6,4096,fct_cdf,6.7065,22.0007
6,4096,fct_cdf,6.7593,22.5007
6,4096,fct_cdf,6.8127,23.0007
6,4096,fct_cdf,6.8669,23.5007
6,4096,fct_cdf,6.9188,24.0007
6,4096,fct_cdf,6.9736,24.5007
6,4096,fct_cdf,7.0260,25.0008
6,4096,fct_cdf,7.0822,25.5008
6,4096,fct_cdf,7.1336,26.0008
6,4096,fct_cdf,7.1836,26.5008
6,4096,fct_cdf,7.2345,27.0008
6,4096,fct_cdf,7.2898,27.5008
6,4096,fct_cdf,7.3403,28.0008
6,4096,fct_cdf,7.3926,28.5009
6,4096,fct_cdf,7.4455,29.0009
6,4096,fct_cdf,7.4974,29.5009
6,4096,fct_cdf,7.5517,30.0009
6,4096,fct_cdf,7.6041,30.5009
6,4096,fct_cdf,7.6517,31.0009
6,4096,fct_cdf,7.7031,31.5009
6,4096,fct_cdf,7.7550,32.0010
6,4096,fct_cdf,7.8074,32.5010
6,4096,fct_cdf,7.8564,33.0010
6,4096,fct_cdf,7.9060,33.5010
6,4096,fct_cdf,7.9550,34.0010
6,4096,fct_cdf,8.0069,34.5010
6,4096,fct_cdf,8.0631,35.0011
6,4096,fct_cdf,8.1207,35.5011
6,4096,fct_cdf,8.1764,36.0011
6,4096,fct_cdf,8.2241,36.5011
6,4096,fct_cdf,8.2774,37.0011
6,4096,fct_cdf,8.3307,37.5001
6,4096,fct_cdf,8.3817,38.0001
6,4096,fct_cdf,8.4317,38.5002
6,4096,fct_cdf,8.4836,39.0002
6,4096,fct_cdf,8.5345,39.5002
6,4096,fct_cdf,8.5864,40.0002
6,4096,fct_cdf,8.6397,40.5002
6,4096,fct_cdf,8.6931,41.0002
6,4096,fct_cdf,8.7459,41.5002
6,4096,fct_cdf,8.7964,42.0003
6,4096,fct_cdf,8.8521,42.5003
6,4096,fct_cdf,8.9112,43.0003
6,4096,fct_cdf,8.9621,43.5003
6,4096,fct_cdf,9.0202,44.0003
6,4096,fct_cdf,9.0740,44.5003
6,4096,fct_cdf,9.1278,45.0004
6,4096,fct_cdf,9.1831,45.5004
6,4096,fct_cdf,9.2412,46.0004
6,4096,fct_cdf,9.2926,46.5004
6,4096,fct_cdf,9.3488,47.0004
6,4096,fct_cdf,9.4059,47.5004
6,4096,fct_cdf,9.4635,48.0004
6,4096,fct_cdf,9.5169,48.5005
6,4096,fct_cdf,9.5750,49.0005
6,4096,fct_cdf,9.6283,49.5005
6,4096,fct_cdf,9.6845,50.0005
6,4096,fct_cdf,9.7407,50.5005
6,4096,fct_cdf,9.7992,51.0005
6,4096,fct_cdf,9.8611,51.5005
6,4096,fct_cdf,9.9259,52.0006
6,4096,fct_cdf,9.9849,52.5006
6,4096,fct_cdf,10.0507,53.0006
6,4096,fct_cdf,10.1111,53.5006
6,4096,fct_cdf,10.1683,54.0006
6,4096,fct_cdf,10.2268,54.5006
6,4096,fct_cdf,10.2940,55.0007
6,4096,fct_cdf,10.3549,55.5007
6,4096,fct_cdf,10.4183,56.0007
6,4096,fct_cdf,10.4730,56.5007
6,4096,fct_cdf,10.5402,57.0007
6,4096,fct_cdf,10.6021,57.5007
6,4096,fct_cdf,10.6692,58.0007
6,4096,fct_cdf,10.7345,58.5008
6,4096,fct_cdf,10.7992,59.0008
6,4096,fct_cdf,10.8659,59.5008
6,4096,fct_cdf,10.9340,60.0008
6,4096,fct_cdf,10.9940,60.5008
6,4096,fct_cdf,11.0563,61.0008
6,4096,fct_cdf,11.1225,61.5008
6,4096,fct_cdf,11.1892,62.0009
6,4096,fct_cdf,11.2544,62.5009
6,4096,fct_cdf,11.3273,62.9999
6,4096,fct_cdf,11.4016,63.4999
6,4096,fct_cdf,11.4697,63.9999
6,4096,fct_cdf,11.5440,64.4999
6,4096,fct_cdf,11.6201,64.9999
6,4096,fct_cdf,11.6982,65.5000
6,4096,fct_cdf,11.7701,66.0000
6,4096,fct_cdf,11.8501,66.5000
6,4096,fct_cdf,11.9249,67.0000
6,4096,fct_cdf,12.0016,67.5000
6,4096,fct_cdf,12.0835,68.0000
6,4096,fct_cdf,12.1663,68.5001
6,4096,fct_cdf,12.2401,69.0001
6,4096,fct_cdf,12.3225,69.5001
6,4096,fct_cdf,12.4101,70.0001
6,4096,fct_cdf,12.4934,70.5001
6,4096,fct_cdf,12.5782,71.0001
6,4096,fct_cdf,12.6601,71.5001
6,4096,fct_cdf,12.7487,72.0002
6,4096,fct_cdf,12.8282,72.5002
6,4096,fct_cdf,12.9158,73.0002
6,4096,fct_cdf,13.0030,73.5002
6,4096,fct_cdf,13.0930,74.0002
6,4096,fct_cdf,13.1787,74.5002
6,4096,fct_cdf,13.2715,75.0003
6,4096,fct_cdf,13.3615,75.5003
6,4096,fct_cdf,13.4687,76.0003
6,4096,fct_cdf,13.5748,76.5003
6,4096,fct_cdf,13.6748,77.0003
6,4096,fct_cdf,13.7810,77.5003
6,4096,fct_cdf,13.8934,78.0003
6,4096,fct_cdf,13.9991,78.5004
6,4096,fct_cdf,14.1134,79.0004
6,4096,fct_cdf,14.2391,79.5004
6,4096,fct_cdf,14.3534,80.0004
6,4096,fct_cdf,14.4696,80.5004
6,4096,fct_cdf,14.5920,81.0004
6,4096,fct_cdf,14.7162,81.5004
6,4096,fct_cdf,14.8520,82.0005
6,4096,fct_cdf,14.9839,82.5005
6,4096,fct_cdf,15.1348,83.0005
6,4096,fct_cdf,15.2824,83.5005
6,4096,fct_cdf,15.4391,84.0005
6,4096,fct_cdf,15.5981,84.5005
6,4096,fct_cdf,15.7457,85.0006
6,4096,fct_cdf,15.9134,85.5006
6,4096,fct_cdf,16.0943,86.0006
6,4096,fct_cdf,16.2938,86.5006
6,4096,fct_cdf,16.4881,87.0006
6,4096,fct_cdf,16.6924,87.4996
6,4096,fct_cdf,16.9138,87.9996
6,4096,fct_cdf,17.1309,88.4997
6,4096,fct_cdf,17.3890,88.9997
6,4096,fct_cdf,17.6619,89.4997
6,4096,fct_cdf,17.9457,89.9997
6,4096,fct_cdf,18.2371,90.4997
6,4096,fct_cdf,18.5595,90.9997
6,4096,fct_cdf,18.9076,91.4997
6,4096,fct_cdf,19.2642,91.9998
6,4096,fct_cdf,19.7318,92.4998
6,4096,fct_cdf,20.1766,92.9998
6,4096,fct_cdf,20.6913,93.4998
6,4096,fct_cdf,21.3165,93.9998
6,4096,fct_cdf,21.9513,94.4998
6,4096,fct_cdf,22.6908,94.9998
6,4096,fct_cdf,23.5046,95.4999
6,4096,fct_cdf,24.4502,95.9999
6,4096,fct_cdf,25.5907,96.4999
6,4096,fct_cdf,26.8654,96.9999
6,4096,fct_cdf,28.5011,97.4999
6,4096,fct_cdf,30.6667,97.9999
6,4096,fct_cdf,33.4314,98.5000
6,4096,fct_cdf,37.8122,99.0000
6,4096,fct_cdf,47.9658,99.5000
6,4096,fct_cdf,228.7950,100.0000
6,4096,fct_p50,,9.684
6,4096,fct_p99,,37.858
6,4096,fct_p999,,82.365
6,4096,samples,,99997
6,65536,fct_cdf,18.0830,0.0040
6,65536,fct_cdf,19.5915,0.5041
6,65536,fct_cdf,20.2196,1.0041
6,65536,fct_cdf,20.6815,1.5042
6,65536,fct_cdf,21.0967,2.0042
6,65536,fct_cdf,21.4281,2.5043
6,65536,fct_cdf,21.7415,3.0044
6,65536,fct_cdf,22.0519,3.5044
6,65536,fct_cdf,22.3734,4.0045
6,65536,fct_cdf,22.6757,4.5045
6,65536,fct_cdf,22.9157,5.0046
6,65536,fct_cdf,23.1700,5.5047
6,65536,fct_cdf,23.3876,6.0047
6,65536,fct_cdf,23.6043,6.5048
6,65536,fct_cdf,23.8348,7.0048
6,65536,fct_cdf,24.0495,7.5049
6,65536,fct_cdf,24.2224,8.0050
6,65536,fct_cdf,24.4290,8.5050
6,65536,fct_cdf,24.6381,9.0051
6,65536,fct_cdf,24.8309,9.5051
6,65536,fct_cdf,25.0081,10.0052
6,65536,fct_cdf,25.1776,10.5053
6,65536,fct_cdf,25.3357,11.0053
6,65536,fct_cdf,25.5090,11.5054
6,65536,fct_cdf,25.6838,12.0054
6,65536,fct_cdf,25.8519,12.5015
6,65536,fct_cdf,26.0252,13.0016
6,65536,fct_cdf,26.1747,13.5016
6,65536,fct_cdf,26.3871,14.0017
6,65536,fct_cdf,26.5557,14.5017
6,65536,fct_cdf,26.7395,15.0018
6,65536,fct_cdf,26.9561,15.5019
6,65536,fct_cdf,27.1190,16.0019
6,65536,fct_cdf,27.2961,16.5020
6,65536,fct_cdf,27.4618,17.0020
6,65536,fct_cdf,27.6166,17.5021
6,65536,fct_cdf,27.7709,18.0022
6,65536,fct_cdf,27.9466,18.5022
6,65536,fct_cdf,28.0942,19.0023
6,65536,fct_cdf,28.2823,19.5023
6,65536,fct_cdf,28.4604,20.0024
6,65536,fct_cdf,28.5723,20.5025
6,65536,fct_cdf,28.7599,21.0025
6,65536,fct_cdf,28.9394,21.5026
6,65536,fct_cdf,29.1199,22.0026
6,65536,fct_cdf,29.3194,22.5027
6,65536,fct_cdf,29.5218,23.0028
6,65536,fct_cdf,29.6770,23.5028
6,65536,fct_cdf,29.8446,24.0029
6,65536,fct_cdf,29.9927,24.5029
6,65536,fct_cdf,30.1537,25.0030
6,65536,fct_cdf,30.3427,25.5031
6,65536,fct_cdf,30.4889,26.0031
6,65536,fct_cdf,30.6327,26.5032
6,65536,fct_cdf,30.8070,27.0032
6,65536,fct_cdf,30.9351,27.5033
6,65536,fct_cdf,31.1056,28.0034
6,65536,fct_cdf,31.2775,28.5034
6,65536,fct_cdf,31.4603,29.0035
6,65536,fct_cdf,31.6203,29.5035
6,65536,fct_cdf,31.7979,30.0036
6,65536,fct_cdf,32.0032,30.5037
6,65536,fct_cdf,32.1722,31.0037
6,65536,fct_cdf,32.3451,31.5038
6,65536,fct_cdf,32.4994,32.0038
6,65536,fct_cdf,32.6870,32.5039
6,65536,fct_cdf,32.9155,33.0040
6,65536,fct_cdf,33.0812,33.5040
6,65536,fct_cdf,33.2593,34.0041
6,65536,fct_cdf,33.4503,34.5041
6,65536,fct_cdf,33.6450,35.0042
6,65536,fct_cdf,33.8893,35.5043
6,65536,fct_cdf,34.0841,36.0043
6,65536,fct_cdf,34.2931,36.5044
6,65536,fct_cdf,34.4722,37.0044
6,65536,fct_cdf,34.6893,37.5045
6,65536,fct_cdf,34.8798,38.0006
6,65536,fct_cdf,35.0712,38.5006
6,65536,fct_cdf,35.2688,39.0007
6,65536,fct_cdf,35.4855,39.5007
6,65536,fct_cdf,35.6645,40.0008
6,65536,fct_cdf,35.8612,40.5009
6,65536,fct_cdf,36.0431,41.0009
6,65536,fct_cdf,36.2345,41.5010
6,65536,fct_cdf,36.4231,42.0010
6,65536,fct_cdf,36.6017,42.5011
6,65536,fct_cdf,36.8245,43.0012
6,65536,fct_cdf,37.0683,43.5012
6,65536,fct_cdf,37.2988,44.0013
6,65536,fct_cdf,37.5350,44.5013
6,65536,fct_cdf,37.7721,45.0014
6,65536,fct_cdf,37.9959,45.5015
6,65536,fct_cdf,38.2097,46.0015
6,65536,fct_cdf,38.4145,46.5016
6,65536,fct_cdf,38.6235,47.0016
6,65536,fct_cdf,38.8497,47.5017
6,65536,fct_cdf,39.1078,48.0018
6,65536,fct_cdf,39.3764,48.5018
6,65536,fct_cdf,39.6430,49.0019
6,65536,fct_cdf,39.9087,49.5019
6,65536,fct_cdf,40.2121,50.0020
6,65536,fct_cdf,40.5221,50.5021
6,65536,fct_cdf,40.8092,51.0021
6,65536,fct_cdf,41.1197,51.5022
6,65536,fct_cdf,41.4106,52.0022
6,65536,fct_cdf,41.7130,52.5023
6,65536,fct_cdf,42.0530,53.0024
6,65536,fct_cdf,42.3849,53.5024
6,65536,fct_cdf,42.7272,54.0025
6,65536,fct_cdf,43.1010,54.5025
6,65536,fct_cdf,43.4429,55.0026
6,65536,fct_cdf,43.8615,55.5027
6,65536,fct_cdf,44.2801,56.0027
6,65536,fct_cdf,44.6282,56.5028
6,65536,fct_cdf,45.0701,57.0028
6,65536,fct_cdf,45.5362,57.5029
6,65536,fct_cdf,46.0058,58.0030
6,65536,fct_cdf,46.4729,58.5030
6,65536,fct_cdf,46.9224,59.0031
6,65536,fct_cdf,47.4872,59.5031
6,65536,fct_cdf,48.0429,60.0032
6,65536,fct_cdf,48.6576,60.5033
6,65536,fct_cdf,49.2343,61.0033
6,65536,fct_cdf,49.8014,61.5034
6,65536,fct_cdf,50.5309,62.0034
6,65536,fct_cdf,51.3809,62.4995
6,65536,fct_cdf,52.3380,62.9996
6,65536,fct_cdf,53.2685,63.4996
6,65536,fct_cdf,54.3484,63.9997
6,65536,fct_cdf,55.5951,64.4997
6,65536,fct_cdf,57.0055,64.9998
6,65536,fct_cdf,58.5088,65.4999
6,65536,fct_cdf,59.9445,65.9999
6,65536,fct_cdf,61.7050,66.5000
6,65536,fct_cdf,64.2478,67.0000
6,65536,fct_cdf,67.1420,67.5001
6,65536,fct_cdf,70.5553,68.0002
6,65536,fct_cdf,75.1423,68.5002
6,65536,fct_cdf,80.8217,69.0003
6,65536,fct_cdf,86.0188,69.5003
6,65536,fct_cdf,93.3753,70.0004
6,65536,fct_cdf,96.0552,70.5005
6,65536,fct_cdf,96.5024,71.0005
6,65536,fct_cdf,97.0466,71.5006
6,65536,fct_cdf,97.5076,72.0006
6,65536,fct_cdf,97.9633,72.5007
6,65536,fct_cdf,98.3204,73.0008
6,65536,fct_cdf,98.6814,73.5008
6,65536,fct_cdf,98.9904,74.0009
6,65536,fct_cdf,99.3304,74.5009
6,65536,fct_cdf,99.6014,75.0010
6,65536,fct_cdf,99.9014,75.5011
6,65536,fct_cdf,100.1750,76.0011
6,65536,fct_cdf,100.4720,76.5012
6,65536,fct_cdf,100.7670,77.0012
6,65536,fct_cdf,101.0550,77.5013
6,65536,fct_cdf,101.3040,78.0014
6,65536,fct_cdf,101.5800,78.5014
6,65536,fct_cdf,101.8660,79.0015
6,65536,fct_cdf,102.1290,79.5015
6,65536,fct_cdf,102.4030,80.0016
6,65536,fct_cdf,102.6650,80.5017
6,65536,fct_cdf,102.9710,81.0017
6,65536,fct_cdf,103.2730,81.5018
6,65536,fct_cdf,103.5680,82.0018
6,65536,fct_cdf,103.8660,82.5019
6,65536,fct_cdf,104.1650,83.0020
6,65536,fct_cdf,104.5010,83.5020
6,65536,fct_cdf,104.8230,84.0021
6,65536,fct_cdf,105.0980,84.5021
6,65536,fct_cdf,105.3870,85.0022
6,65536,fct_cdf,105.7410,85.5023
6,65536,fct_cdf,106.1050,86.0023
6,65536,fct_cdf,106.4070,86.5024
6,65536,fct_cdf,106.7440,87.0024
6,65536,fct_cdf,107.1360,87.5025
6,65536,fct_cdf,107.5820,87.9986
6,65536,fct_cdf,108.0340,88.4986
6,65536,fct_cdf,108.5150,88.9987
6,65536,fct_cdf,108.9850,89.4987
6,65536,fct_cdf,109.5580,89.9988
6,65536,fct_cdf,110.1880,90.4989
6,65536,fct_cdf,110.8050,90.9989
6,65536,fct_cdf,111.5650,91.4990
6,65536,fct_cdf,112.5160,91.9990
6,65536,fct_cdf,113.4440,92.4991
6,65536,fct_cdf,114.5280,92.9992
6,65536,fct_cdf,115.9720,93.4992
6,65536,fct_cdf,117.6850,93.9993
6,65536,fct_cdf,119.5200,94.4993
6,65536,fct_cdf,122.0050,94.9994
6,65536,fct_cdf,125.4390,95.4995
6,65536,fct_cdf,129.5970,95.9995
6,65536,fct_cdf,135.5820,96.4996
6,65536,fct_cdf,145.4970,96.9996
6,65536,fct_cdf,156.9400,97.4997
6,65536,fct_cdf,173.5280,97.9998
6,65536,fct_cdf,198.9170,98.4998
6,65536,fct_cdf,240.7590,98.9999
6,65536,fct_cdf,335.9890,99.4999
6,65536,fct_cdf,1866.6200,100.0000
6,65536,fct_p50,,40.212
6,65536,fct_p99,,240.973
6,65536,fct_p999,,676.258
6,65536,samples,,24997
8,,goodput_gbps,,172.82
8,4096,fct_cdf,3.5471,0.0010
8,4096,fct_cdf,3.8052,0.5010
8,4096,fct_cdf,3.8685,1.0010
8,4096,fct_cdf,3.9109,1.5010
8,4096,fct_cdf,3.9471,2.0011
8,4096,fct_cdf,3.9809,2.5011
8,4096,fct_cdf,4.0142,3.0011
8,4096,fct_cdf,4.0442,3.5011
8,4096,fct_cdf,4.0747,4.0011
8,4096,fct_cdf,4.1052,4.5011
8,4096,fct_cdf,4.1328,5.0012
8,4096,fct_cdf,4.1599,5.5012
8,4096,fct_cdf,4.1880,6.0012
8,4096,fct_cdf,4.2176,6.5012
8,4096,fct_cdf,4.2476,7.0012
8,4096,fct_cdf,4.2761,7.5012
8,4096,fct_cdf,4.3014,8.0012
8,4096,fct_cdf,4.3309,8.5013
8,4096,fct_cdf,4.3590,9.0013
8,4096,fct_cdf,4.3880,9.5013
8,4096,fct_cdf,4.4171,10.0013
8,4096,fct_cdf,4.4452,10.5013
8,4096,fct_cdf,4.4761,11.0013
8,4096,fct_cdf,4.5085,11.5013
8,4096,fct_cdf,4.5414,12.0014
8,4096,fct_cdf,4.5737,12.5014
8,4096,fct_cdf,4.6047,13.0004
8,4096,fct_cdf,4.6361,13.5004
8,4096,fct_cdf,4.6699,14.0004
8,4096,fct_cdf,4.7056,14.5004
8,4096,fct_cdf,4.7375,15.0005
8,4096,fct_cdf,4.7728,15.5005
8,4096,fct_cdf,4.8071,16.0005
8,4096,fct_cdf,4.8433,16.5005
8,4096,fct_cdf,4.8742,17.0005
8,4096,fct_cdf,4.9080,17.5005
8,4096,fct_cdf,4.9485,18.0005
8,4096,fct_cdf,4.9837,18.5006
8,4096,fct_cdf,5.0194,19.0006
8,4096,fct_cdf,5.0547,19.5006
8,4096,fct_cdf,5.0918,20.0006
8,4096,fct_cdf,5.1275,20.5006
8,4096,fct_cdf,5.1613,21.0006
8,4096,fct_cdf,5.1932,21.5006
8,4096,fct_cdf,5.2247,22.0007
8,4096,fct_cdf,5.2556,22.5007
8,4096,fct_cdf,5.2880,23.0007
8,4096,fct_cdf,5.3199,23.5007
8,4096,fct_cdf,5.3533,24.0007
8,4096,fct_cdf,5.3861,24.5007
8,4096,fct_cdf,5.4185,25.0008
8,4096,fct_cdf,5.4532,25.5008
8,4096,fct_cdf,5.4842,26.0008
8,4096,fct_cdf,5.5194,26.5008
8,4096,fct_cdf,5.5528,27.0008
8,4096,fct_cdf,5.5871,27.5008
8,4096,fct_cdf,5.6194,28.0008
8,4096,fct_cdf,5.6542,28.5009
8,4096,fct_cdf,5.6871,29.0009
8,4096,fct_cdf,5.7199,29.5009
8,4096,fct_cdf,5.7542,30.0009
8,4096,fct_cdf,5.7885,30.5009
8,4096,fct_cdf,5.8280,31.0009
8,4096,fct_cdf,5.8613,31.5009
8,4096,fct_cdf,5.8961,32.0010
8,4096,fct_cdf,5.9323,32.5010
8,4096,fct_cdf,5.9675,33.0010
8,4096,fct_cdf,6.0037,33.5010
8,4096,fct_cdf,6.0394,34.0010
8,4096,fct_cdf,6.0780,34.5010
8,4096,fct_cdf,6.1170,35.0011
8,4096,fct_cdf,6.1556,35.5011
8,4096,fct_cdf,6.1904,36.0011
8,4096,fct_cdf,6.2275,36.5011
8,4096,fct_cdf,6.2613,37.0011
8,4096,fct_cdf,6.2985,37.5001
8,4096,fct_cdf,6.3370,38.0001
8,4096,fct_cdf,6.3751,38.5002
8,4096,fct_cdf,6.4142,39.0002
8,4096,fct_cdf,6.4523,39.5002
8,4096,fct_cdf,6.4904,40.0002
8,4096,fct_cdf,6.5270,40.5002
8,4096,fct_cdf,6.5656,41.0002
8,4096,fct_cdf,6.6051,41.5002
8,4096,fct_cdf,6.6442,42.0003
8,4096,fct_cdf,6.6847,42.5003
8,4096,fct_cdf,6.7232,43.0003
8,4096,fct_cdf,6.7618,43.5003
8,4096,fct_cdf,6.8023,44.0003
8,4096,fct_cdf,6.8394,44.5003
8,4096,fct_cdf,6.8813,45.0004
8,4096,fct_cdf,6.9199,45.5004
8,4096,fct_cdf,6.9599,46.0004
8,4096,fct_cdf,6.9970,46.5004
8,4096,fct_cdf,7.0375,47.0004
8,4096,fct_cdf,7.0770,47.5004
8,4096,fct_cdf,7.1180,48.0004
8,4096,fct_cdf,7.1556,48.5005
8,4096,fct_cdf,7.1980,49.0005
8,4096,fct_cdf,7.2385,49.5005
8,4096,fct_cdf,7.2780,50.0005
8,4096,fct_cdf,7.3189,50.5005
8,4096,fct_cdf,7.3580,51.0005
8,4096,fct_cdf,7.4018,51.5005
8,4096,fct_cdf,7.4451,52.0006
8,4096,fct_cdf,7.4875,52.5006
8,4096,fct_cdf,7.5342,53.0006
8,4096,fct_cdf,7.5770,53.5006
8,4096,fct_cdf,7.6223,54.0006
8,4096,fct_cdf,7.6694,54.5006
8,4096,fct_cdf,7.7113,55.0007
8,4096,fct_cdf,7.7561,55.5007
8,4096,fct_cdf,7.7994,56.0007
8,4096,fct_cdf,7.8399,56.5007
8,4096,fct_cdf,7.8856,57.0007
8,4096,fct_cdf,7.9280,57.5007
8,4096,fct_cdf,7.9775,58.0007
8,4096,fct_cdf,8.0232,58.5008
8,4096,fct_cdf,8.0661,59.0008
8,4096,fct_cdf,8.1127,59.5008
8,4096,fct_cdf,8.1608,60.0008
8,4096,fct_cdf,8.2075,60.5008
8,4096,fct_cdf,8.2556,61.0008
8,4096,fct_cdf,8.3032,61.5008
8,4096,fct_cdf,8.3508,62.0009
8,4096,fct_cdf,8.3989,62.5009
8,4096,fct_cdf,8.4494,62.9999
8,4096,fct_cdf,8.4975,63.4999
8,4096,fct_cdf,8.5494,63.9999
8,4096,fct_cdf,8.5980,64.4999
8,4096,fct_cdf,8.6503,64.9999
8,4096,fct_cdf,8.6975,65.5000
8,4096,fct_cdf,8.7532,66.0000
8,4096,fct_cdf,8.8056,66.5000
8,4096,fct_cdf,8.8551,67.0000
8,4096,fct_cdf,8.9075,67.5000
8,4096,fct_cdf,8.9622,68.0000
8,4096,fct_cdf,9.0180,68.5001
8,4096,fct_cdf,9.0722,69.0001
8,4096,fct_cdf,9.1275,69.5001
8,4096,fct_cdf,9.1899,70.0001
8,4096,fct_cdf,9.2446,70.5001
8,4096,fct_cdf,9.2994,71.0001
8,4096,fct_cdf,9.3622,71.5001
8,4096,fct_cdf,9.4222,72.0002
8,4096,fct_cdf,9.4808,72.5002
8,4096,fct_cdf,9.5484,73.0002
8,4096,fct_cdf,9.6084,73.5002
8,4096,fct_cdf,9.6684,74.0002
8,4096,fct_cdf,9.7360,74.5002
8,4096,fct_cdf,9.7960,75.0003
8,4096,fct_cdf,9.8598,75.5003
8,4096,fct_cdf,9.9279,76.0003
8,4096,fct_cdf,9.9946,76.5003
8,4096,fct_cdf,10.0608,77.0003
8,4096,fct_cdf,10.1284,77.5003
8,4096,fct_cdf,10.2041,78.0003
8,4096,fct_cdf,10.2775,78.5004
8,4096,fct_cdf,10.3503,79.0004
8,4096,fct_cdf,10.4275,79.5004
8,4096,fct_cdf,10.4998,80.0004
8,4096,fct_cdf,10.5760,80.5004
8,4096,fct_cdf,10.6517,81.0004
8,4096,fct_cdf,10.7313,81.5004
8,4096,fct_cdf,10.8189,82.0005
8,4096,fct_cdf,10.9113,82.5005
8,4096,fct_cdf,11.0013,83.0005
8,4096,fct_cdf,11.1017,83.5005
8,4096,fct_cdf,11.1965,84.0005
8,4096,fct_cdf,11.2889,84.5005
8,4096,fct_cdf,11.3879,85.0006
8,4096,fct_cdf,11.4760,85.5006
8,4096,fct_cdf,11.5770,86.0006
8,4096,fct_cdf,11.6822,86.5006
8,4096,fct_cdf,11.7908,87.0006
8,4096,fct_cdf,11.8998,87.4996
8,4096,fct_cdf,12.0170,87.9996
8,4096,fct_cdf,12.1370,88.4997
8,4096,fct_cdf,12.2617,88.9997
8,4096,fct_cdf,12.4012,89.4997
8,4096,fct_cdf,12.5431,89.9997
8,4096,fct_cdf,12.6841,90.4997
8,4096,fct_cdf,12.8322,90.9997
8,4096,fct_cdf,12.9955,91.4997
8,4096,fct_cdf,13.1717,91.9998
8,4096,fct_cdf,13.3550,92.4998
8,4096,fct_cdf,13.5579,92.9998
8,4096,fct_cdf,13.7722,93.4998
8,4096,fct_cdf,13.9926,93.9998
8,4096,fct_cdf,14.2636,94.4998
8,4096,fct_cdf,14.5279,94.9998
8,4096,fct_cdf,14.8131,95.4999
8,4096,fct_cdf,15.1445,95.9999
8,4096,fct_cdf,15.5574,96.4999
8,4096,fct_cdf,16.0031,96.9999
8,4096,fct_cdf,16.5388,97.4999
8,4096,fct_cdf,17.2916,97.9999
8,4096,fct_cdf,18.3640,98.5000
8,4096,fct_cdf,20.6225,99.0000
8,4096,fct_cdf,26.7577,99.5000
8,4096,fct_cdf,1577.0600,100.0000
8,4096,fct_p50,,7.278
8,4096,fct_p99,,20.625
8,4096,fct_p999,,44.779
8,4096,samples,,99997
8,65536,fct_cdf,14.7186,0.0040
8,65536,fct_cdf,15.3558,0.5041
8,65536,fct_cdf,15.5039,1.0041
8,65536,fct_cdf,15.6453,1.5042
8,65536,fct_cdf,15.7886,2.0042
8,65536,fct_cdf,15.9153,2.5043
8,65536,fct_cdf,16.0243,3.0044
8,65536,fct_cdf,16.1229,3.5044
8,65536,fct_cdf,16.2524,4.0045
8,65536,fct_cdf,16.3643,4.5045
8,65536,fct_cdf,16.4638,5.0046
8,65536,fct_cdf,16.5605,5.5047
8,65536,fct_cdf,16.6438,6.0047
8,65536,fct_cdf,16.7310,6.5048
8,65536,fct_cdf,16.8338,7.0048
8,65536,fct_cdf,16.9253,7.5049
8,65536,fct_cdf,17.0038,8.0050
8,65536,fct_cdf,17.0857,8.5050
8,65536,fct_cdf,17.1652,9.0051
8,65536,fct_cdf,17.2481,9.5051
8,65536,fct_cdf,17.3429,10.0052
8,65536,fct_cdf,17.4262,10.5053
8,65536,fct_cdf,17.5129,11.0053
8,65536,fct_cdf,17.5800,11.5054
8,65536,fct_cdf,17.6471,12.0054
8,65536,fct_cdf,17.7129,12.5015
8,65536,fct_cdf,17.7929,13.0016
8,65536,fct_cdf,17.8686,13.5016
8,65536,fct_cdf,17.9571,14.0017
8,65536,fct_cdf,18.0386,14.5017
8,65536,fct_cdf,18.1152,15.0018
8,65536,fct_cdf,18.1833,15.5019
8,65536,fct_cdf,18.2481,16.0019
8,65536,fct_cdf,18.3285,16.5020
8,65536,fct_cdf,18.3900,17.0020
8,65536,fct_cdf,18.4600,17.5021
8,65536,fct_cdf,18.5338,18.0022
8,65536,fct_cdf,18.6052,18.5022
8,65536,fct_cdf,18.6709,19.0023
8,65536,fct_cdf,18.7414,19.5023
8,65536,fct_cdf,18.8004,20.0024
8,65536,fct_cdf,18.8733,20.5025
8,65536,fct_cdf,18.9466,21.0025
8,65536,fct_cdf,19.0257,21.5026
8,65536,fct_cdf,19.0885,22.0026
8,65536,fct_cdf,19.1600,22.5027
8,65536,fct_cdf,19.2333,23.0028
8,65536,fct_cdf,19.2980,23.5028
8,65536,fct_cdf,19.3609,24.0029
8,65536,fct_cdf,19.4247,24.5029
8,65536,fct_cdf,19.4861,25.0030
8,65536,fct_cdf,19.5466,25.5031
8,65536,fct_cdf,19.6152,26.0031
8,65536,fct_cdf,19.6909,26.5032
8,65536,fct_cdf,19.7695,27.0032
8,65536,fct_cdf,19.8390,27.5033
8,65536,fct_cdf,19.8976,28.0034
8,65536,fct_cdf,19.9599,28.5034
8,65536,fct_cdf,20.0299,29.0035
8,65536,fct_cdf,20.0995,29.5035
8,65536,fct_cdf,20.1737,30.0036
8,65536,fct_cdf,20.2533,30.5037
8,65536,fct_cdf,20.3204,31.0037
8,65536,fct_cdf,20.3766,31.5038
8,65536,fct_cdf,20.4523,32.0038
8,65536,fct_cdf,20.5171,32.5039
8,65536,fct_cdf,20.5880,33.0040
8,65536,fct_cdf,20.6513,33.5040
8,65536,fct_cdf,20.7252,34.0041
8,65536,fct_cdf,20.7999,34.5041
8,65536,fct_cdf,20.8766,35.0042
8,65536,fct_cdf,20.9332,35.5043
8,65536,fct_cdf,21.0094,36.0043
8,65536,fct_cdf,21.0837,36.5044
8,65536,fct_cdf,21.1642,37.0044
8,65536,fct_cdf,21.2413,37.5045
8,65536,fct_cdf,21.3261,38.0006
8,65536,fct_cdf,21.3985,38.5006
8,65536,fct_cdf,21.4613,39.0007
8,65536,fct_cdf,21.5361,39.5007
8,65536,fct_cdf,21.6156,40.0008
8,65536,fct_cdf,21.6842,40.5009
8,65536,fct_cdf,21.7661,41.0009
8,65536,fct_cdf,21.8308,41.5010
8,65536,fct_cdf,21.8970,42.0010
8,65536,fct_cdf,21.9694,42.5011
8,65536,fct_cdf,22.0408,43.0012
8,65536,fct_cdf,22.1184,43.5012
8,65536,fct_cdf,22.1899,44.0013
8,65536,fct_cdf,22.2651,44.5013
8,65536,fct_cdf,22.3494,45.0014
8,65536,fct_cdf,22.4289,45.5015
8,65536,fct_cdf,22.5022,46.0015
8,65536,fct_cdf,22.5808,46.5016
8,65536,fct_cdf,22.6613,47.0016
8,65536,fct_cdf,22.7422,47.5017
8,65536,fct_cdf,22.8160,48.0018
8,65536,fct_cdf,22.9008,48.5018
8,65536,fct_cdf,22.9727,49.0019
8,65536,fct_cdf,23.0618,49.5019
8,65536,fct_cdf,23.1432,50.0020
8,65536,fct_cdf,23.2246,50.5021
8,65536,fct_cdf,23.3189,51.0021
8,65536,fct_cdf,23.4227,51.5022
8,65536,fct_cdf,23.5060,52.0022
8,65536,fct_cdf,23.6070,52.5023
8,65536,fct_cdf,23.7003,53.0024
8,65536,fct_cdf,23.8022,53.5024
8,65536,fct_cdf,23.8970,54.0025
8,65536,fct_cdf,24.0022,54.5025
8,65536,fct_cdf,24.1160,55.0026
8,65536,fct_cdf,24.2217,55.5027
8,65536,fct_cdf,24.3236,56.0027
8,65536,fct_cdf,24.4289,56.5028
8,65536,fct_cdf,24.5270,57.0028
8,65536,fct_cdf,24.6379,57.5029
8,65536,fct_cdf,24.7460,58.0030
8,65536,fct_cdf,24.8460,58.5030
8,65536,fct_cdf,24.9403,59.0031
8,65536,fct_cdf,25.0346,59.5031
8,65536,fct_cdf,25.1388,60.0032
8,65536,fct_cdf,25.2531,60.5033
8,65536,fct_cdf,25.3893,61.0033
8,65536,fct_cdf,25.5269,61.5034
8,65536,fct_cdf,25.6455,62.0034
8,65536,fct_cdf,25.7679,62.4995
8,65536,fct_cdf,25.8902,62.9996
8,65536,fct_cdf,26.0217,63.4996
8,65536,fct_cdf,26.1650,63.9997
8,65536,fct_cdf,26.2912,64.4997
8,65536,fct_cdf,26.4298,64.9998
8,65536,fct_cdf,26.5817,65.4999
8,65536,fct_cdf,26.7150,65.9999
8,65536,fct_cdf,26.8931,66.5000
8,65536,fct_cdf,27.0721,67.0000
8,65536,fct_cdf,27.2297,67.5001
8,65536,fct_cdf,27.4035,68.0002
8,65536,fct_cdf,27.5993,68.5002
8,65536,fct_cdf,27.7754,69.0003
8,65536,fct_cdf,27.9488,69.5003
8,65536,fct_cdf,28.1345,70.0004
8,65536,fct_cdf,28.3478,70.5005
8,65536,fct_cdf,28.5268,71.0005
8,65536,fct_cdf,28.7492,71.5006
8,65536,fct_cdf,28.9759,72.0006
8,65536,fct_cdf,29.2135,72.5007
8,65536,fct_cdf,29.4697,73.0008
8,65536,fct_cdf,29.7021,73.5008
8,65536,fct_cdf,29.9092,74.0009
8,65536,fct_cdf,30.2273,74.5009
8,65536,fct_cdf,30.5073,75.0010
8,65536,fct_cdf,30.8444,75.5011
8,65536,fct_cdf,31.1611,76.0011
8,65536,fct_cdf,31.5287,76.5012
8,65536,fct_cdf,31.8668,77.0012
8,65536,fct_cdf,32.3220,77.5013
8,65536,fct_cdf,32.8929,78.0014
8,65536,fct_cdf,33.6115,78.5014
8,65536,fct_cdf,34.4629,79.0015
8,65536,fct_cdf,35.3676,79.5015
8,65536,fct_cdf,36.4595,80.0016
8,65536,fct_cdf,37.8975,80.5017
8,65536,fct_cdf,40.2032,81.0017
8,65536,fct_cdf,45.3269,81.5018
8,65536,fct_cdf,74.0232,82.0018
8,65536,fct_cdf,74.4046,82.5019
8,65536,fct_cdf,74.6599,83.0020
8,65536,fct_cdf,74.9299,83.5020
8,65536,fct_cdf,75.2380,84.0021
8,65536,fct_cdf,75.5279,84.5021
8,65536,fct_cdf,75.8218,85.0022
8,65536,fct_cdf,76.0879,85.5023
8,65536,fct_cdf,76.3779,86.0023
8,65536,fct_cdf,76.6408,86.5024
8,65536,fct_cdf,76.8670,87.0024
8,65536,fct_cdf,77.1565,87.5025
8,65536,fct_cdf,77.4050,87.9986
8,65536,fct_cdf,77.7079,88.4986
8,65536,fct_cdf,77.9731,88.9987
8,65536,fct_cdf,78.2079,89.4987
8,65536,fct_cdf,78.4712,89.9988
8,65536,fct_cdf,78.7474,90.4989
8,65536,fct_cdf,79.0493,90.9989
8,65536,fct_cdf,79.3250,91.4990
8,65536,fct_cdf,79.6321,91.9990
8,65536,fct_cdf,79.8926,92.4991
8,65536,fct_cdf,80.1588,92.9992
8,65536,fct_cdf,80.4673,93.4992
8,65536,fct_cdf,80.8330,93.9993
8,65536,fct_cdf,81.2202,94.4993
8,65536,fct_cdf,81.5664,94.9994
8,65536,fct_cdf,82.0521,95.4995
8,65536,fct_cdf,82.5668,95.9995
8,65536,fct_cdf,83.0020,96.4996
8,65536,fct_cdf,83.5996,96.9996
8,65536,fct_cdf,84.3053,97.4997
8,65536,fct_cdf,85.2439,97.9998
8,65536,fct_cdf,86.4662,98.4998
8,65536,fct_cdf,88.5747,98.9999
8,65536,fct_cdf,94.3270,99.4999
8,65536,fct_cdf,1209.2500,100.0000
8,65536,fct_p50,,23.143
8,65536,fct_p99,,88.596
8,65536,fct_p999,,155.769
8,65536,samples,,24997
10,,goodput_gbps,,169.14
10,4096,fct_cdf,3.4846,0.0010
10,4096,fct_cdf,3.7280,0.5010
10,4096,fct_cdf,3.7775,1.0010
10,4096,fct_cdf,3.8156,1.5010
10,4096,fct_cdf,3.8427,2.0011
10,4096,fct_cdf,3.8689,2.5011
10,4096,fct_cdf,3.8951,3.0011
10,4096,fct_cdf,3.9175,3.5011
10,4096,fct_cdf,3.9403,4.0011
10,4096,fct_cdf,3.9618,4.5011
10,4096,fct_cdf,3.9837,5.0012
10,4096,fct_cdf,4.0051,5.5012
10,4096,fct_cdf,4.0251,6.0012
10,4096,fct_cdf,4.0437,6.5012
10,4096,fct_cdf,4.0622,7.0012
10,4096,fct_cdf,4.0822,7.5012
10,4096,fct_cdf,4.1018,8.0012
10,4096,fct_cdf,4.1218,8.5013
10,4096,fct_cdf,4.1418,9.0013
10,4096,fct_cdf,4.1599,9.5013
10,4096,fct_cdf,4.1799,10.0013
10,4096,fct_cdf,4.1989,10.5013
10,4096,fct_cdf,4.2189,11.0013
10,4096,fct_cdf,4.2394,11.5013
10,4096,fct_cdf,4.2599,12.0014
10,4096,fct_cdf,4.2789,12.5014
10,4096,fct_cdf,4.3003,13.0004
10,4096,fct_cdf,4.3208,13.5004
10,4096,fct_cdf,4.3418,14.0004
10,4096,fct_cdf,4.3632,14.5004
10,4096,fct_cdf,4.3860,15.0005
10,4096,fct_cdf,4.4079,15.5005
10,4096,fct_cdf,4.4303,16.0005
10,4096,fct_cdf,4.4527,16.5005
10,4096,fct_cdf,4.4765,17.0005
10,4096,fct_cdf,4.4999,17.5005
10,4096,fct_cdf,4.5251,18.0005
10,4096,fct_cdf,4.5508,18.5006
10,4096,fct_cdf,4.5775,19.0006
10,4096,fct_cdf,4.6037,19.5006
10,4096,fct_cdf,4.6284,20.0006
10,4096,fct_cdf,4.6565,20.5006
10,4096,fct_cdf,4.6846,21.0006
10,4096,fct_cdf,4.7108,21.5006
10,4096,fct_cdf,4.7379,22.0007
10,4096,fct_cdf,4.7627,22.5007
10,4096,fct_cdf,4.7917,23.0007
10,4096,fct_cdf,4.8203,23.5007
10,4096,fct_cdf,4.8484,24.0007
10,4096,fct_cdf,4.8789,24.5007
10,4096,fct_cdf,4.9089,25.0008
10,4096,fct_cdf,4.9375,25.5008
10,4096,fct_cdf,4.9651,26.0008
10,4096,fct_cdf,4.9951,26.5008
10,4096,fct_cdf,5.0213,27.0008
10,4096,fct_cdf,5.0517,27.5008
10,4096,fct_cdf,5.0793,28.0008
10,4096,fct_cdf,5.1079,28.5009
10,4096,fct_cdf,5.1341,29.0009
10,4096,fct_cdf,5.1627,29.5009
10,4096,fct_cdf,5.1894,30.0009
10,4096,fct_cdf,5.2155,30.5009
10,4096,fct_cdf,5.2398,31.0009
10,4096,fct_cdf,5.2651,31.5009
10,4096,fct_cdf,5.2946,32.0010
10,4096,fct_cdf,5.3208,32.5010
10,4096,fct_cdf,5.3479,33.0010
10,4096,fct_cdf,5.3755,33.5010
10,4096,fct_cdf,5.4022,34.0010
10,4096,fct_cdf,5.4303,34.5010
10,4096,fct_cdf,5.4589,35.0011
10,4096,fct_cdf,5.4865,35.5011
10,4096,fct_cdf,5.5136,36.0011
10,4096,fct_cdf,5.5403,36.5011
10,4096,fct_cdf,5.5717,37.0011
10,4096,fct_cdf,5.5993,37.5001
10,4096,fct_cdf,5.6298,38.0001
10,4096,fct_cdf,5.6589,38.5002
10,4096,fct_cdf,5.6870,39.0002
10,4096,fct_cdf,5.7179,39.5002
10,4096,fct_cdf,5.7484,40.0002
10,4096,fct_cdf,5.7817,40.5002
10,4096,fct_cdf,5.8136,41.0002
10,4096,fct_cdf,5.8431,41.5002
10,4096,fct_cdf,5.8746,42.0003
10,4096,fct_cdf,5.9027,42.5003
10,4096,fct_cdf,5.9355,43.0003
10,4096,fct_cdf,5.9665,43.5003
10,4096,fct_cdf,5.9988,44.0003
10,4096,fct_cdf,6.0312,44.5003
10,4096,fct_cdf,6.0622,45.0004
10,4096,fct_cdf,6.0950,45.5004
10,4096,fct_cdf,6.1303,46.0004
10,4096,fct_cdf,6.1646,46.5004
10,4096,fct_cdf,6.1998,47.0004
10,4096,fct_cdf,6.2312,47.5004
10,4096,fct_cdf,6.2664,48.0004
10,4096,fct_cdf,6.3003,48.5005
10,4096,fct_cdf,6.3336,49.0005
10,4096,fct_cdf,6.3684,49.5005
10,4096,fct_cdf,6.4031,50.0005
10,4096,fct_cdf,6.4388,50.5005
10,4096,fct_cdf,6.4745,51.0005
10,4096,fct_cdf,6.5122,51.5005
10,4096,fct_cdf,6.5469,52.0006
10,4096,fct_cdf,6.5836,52.5006
10,4096,fct_cdf,6.6184,53.0006
10,4096,fct_cdf,6.6536,53.5006
10,4096,fct_cdf,6.6912,54.0006
10,4096,fct_cdf,6.7288,54.5006
10,4096,fct_cdf,6.7660,55.0007
10,4096,fct_cdf,6.8012,55.5007
10,4096,fct_cdf,6.8398,56.0007
10,4096,fct_cdf,6.8769,56.5007
10,4096,fct_cdf,6.9145,57.0007
10,4096,fct_cdf,6.9564,57.5007
10,4096,fct_cdf,6.9940,58.0007
10,4096,fct_cdf,7.0298,58.5008
10,4096,fct_cdf,7.0707,59.0008
10,4096,fct_cdf,7.1140,59.5008
10,4096,fct_cdf,7.1536,60.0008
10,4096,fct_cdf,7.1959,60.5008
10,4096,fct_cdf,7.2359,61.0008
10,4096,fct_cdf,7.2797,61.5008
10,4096,fct_cdf,7.3197,62.0009
10,4096,fct_cdf,7.3612,62.5009
10,4096,fct_cdf,7.4031,62.9999
10,4096,fct_cdf,7.4474,63.4999
10,4096,fct_cdf,7.4945,63.9999
10,4096,fct_cdf,7.5383,64.4999
10,4096,fct_cdf,7.5855,64.9999
10,4096,fct_cdf,7.6316,65.5000
10,4096,fct_cdf,7.6802,66.0000
10,4096,fct_cdf,7.7255,66.5000
10,4096,fct_cdf,7.7707,67.0000
10,4096,fct_cdf,7.8178,67.5000
10,4096,fct_cdf,7.8650,68.0000
10,4096,fct_cdf,7.9145,68.5001
10,4096,fct_cdf,7.9635,69.0001
10,4096,fct_cdf,8.0135,69.5001
10,4096,fct_cdf,8.0645,70.0001
10,4096,fct_cdf,8.1150,70.5001
10,4096,fct_cdf,8.1640,71.0001
10,4096,fct_cdf,8.2173,71.5001
10,4096,fct_cdf,8.2707,72.0002
10,4096,fct_cdf,8.3216,72.5002
10,4096,fct_cdf,8.3754,73.0002
10,4096,fct_cdf,8.4302,73.5002
10,4096,fct_cdf,8.4859,74.0002
10,4096,fct_cdf,8.5411,74.5002
10,4096,fct_cdf,8.5950,75.0003
10,4096,fct_cdf,8.6554,75.5003
10,4096,fct_cdf,8.7130,76.0003
10,4096,fct_cdf,8.7692,76.5003
10,4096,fct_cdf,8.8321,77.0003
10,4096,fct_cdf,8.8935,77.5003
10,4096,fct_cdf,8.9568,78.0003
10,4096,fct_cdf,9.0221,78.5004
10,4096,fct_cdf,9.0840,79.0004
10,4096,fct_cdf,9.1497,79.5004
10,4096,fct_cdf,9.2154,80.0004
10,4096,fct_cdf,9.2840,80.5004
10,4096,fct_cdf,9.3554,81.0004
10,4096,fct_cdf,9.4278,81.5004
10,4096,fct_cdf,9.5035,82.0005
10,4096,fct_cdf,9.5759,82.5005
10,4096,fct_cdf,9.6530,83.0005
10,4096,fct_cdf,9.7273,83.5005
10,4096,fct_cdf,9.8006,84.0005
10,4096,fct_cdf,9.8763,84.5005
10,4096,fct_cdf,9.9663,85.0006
10,4096,fct_cdf,10.0520,85.5006
10,4096,fct_cdf,10.1444,86.0006
10,4096,fct_cdf,10.2325,86.5006
10,4096,fct_cdf,10.3239,87.0006
10,4096,fct_cdf,10.4215,87.4996
10,4096,fct_cdf,10.5311,87.9996
10,4096,fct_cdf,10.6420,88.4997
10,4096,fct_cdf,10.7492,88.9997
10,4096,fct_cdf,10.8696,89.4997
10,4096,fct_cdf,10.9844,89.9997
10,4096,fct_cdf,11.1053,90.4997
10,4096,fct_cdf,11.2258,90.9997
10,4096,fct_cdf,11.3501,91.4997
10,4096,fct_cdf,11.4958,91.9998
10,4096,fct_cdf,11.6444,92.4998
10,4096,fct_cdf,11.7958,92.9998
10,4096,fct_cdf,11.9877,93.4998
10,4096,fct_cdf,12.1624,93.9998
10,4096,fct_cdf,12.3677,94.4998
10,4096,fct_cdf,12.5739,94.9998
10,4096,fct_cdf,12.8048,95.4999
10,4096,fct_cdf,13.0648,95.9999
10,4096,fct_cdf,13.3586,96.4999
10,4096,fct_cdf,13.6629,96.9999
10,4096,fct_cdf,14.0133,97.4999
10,4096,fct_cdf,14.4676,97.9999
10,4096,fct_cdf,15.1014,98.5000
10,4096,fct_cdf,15.9128,99.0000
10,4096,fct_cdf,17.3689,99.5000
10,4096,fct_cdf,108.4210,100.0000
10,4096,fct_p50,,6.403
10,4096,fct_p99,,15.914
10,4096,fct_p999,,26.215
10,4096,samples,,99997
10,65536,fct_cdf,13.8002,0.0040
10,65536,fct_cdf,14.4340,0.5041
10,65536,fct_cdf,14.6116,1.0041
10,65536,fct_cdf,14.7554,1.5042
10,65536,fct_cdf,14.8769,2.0042
10,65536,fct_cdf,15.0064,2.5043
10,65536,fct_cdf,15.1269,3.0044
10,65536,fct_cdf,15.2311,3.5044
10,65536,fct_cdf,15.3264,4.0045
10,65536,fct_cdf,15.4030,4.5045
10,65536,fct_cdf,15.4873,5.0046
10,65536,fct_cdf,15.5635,5.5047
10,65536,fct_cdf,15.6454,6.0047
10,65536,fct_cdf,15.7340,6.5048
10,65536,fct_cdf,15.8102,7.0048
10,65536,fct_cdf,15.8859,7.5049
10,65536,fct_cdf,15.9626,8.0050
10,65536,fct_cdf,16.0354,8.5050
10,65536,fct_cdf,16.1197,9.0051
10,65536,fct_cdf,16.2054,9.5051
10,65536,fct_cdf,16.2916,10.0052
10,65536,fct_cdf,16.3802,10.5053
10,65536,fct_cdf,16.4730,11.0053
10,65536,fct_cdf,16.5444,11.5054
10,65536,fct_cdf,16.6259,12.0054
10,65536,fct_cdf,16.6997,12.5015
10,65536,fct_cdf,16.7792,13.0016
10,65536,fct_cdf,16.8568,13.5016
10,65536,fct_cdf,16.9406,14.0017
10,65536,fct_cdf,17.0173,14.5017
10,65536,fct_cdf,17.0978,15.0018
10,65536,fct_cdf,17.1773,15.5019
10,65536,fct_cdf,17.2497,16.0019
10,65536,fct_cdf,17.3268,16.5020
10,65536,fct_cdf,17.4073,17.0020
10,65536,fct_cdf,17.4768,17.5021
10,65536,fct_cdf,17.5516,18.0022
10,65536,fct_cdf,17.6087,18.5022
10,65536,fct_cdf,17.6797,19.0023
10,65536,fct_cdf,17.7544,19.5023
10,65536,fct_cdf,17.8287,20.0024
10,65536,fct_cdf,17.9087,20.5025
10,65536,fct_cdf,17.9944,21.0025
10,65536,fct_cdf,18.0663,21.5026
10,65536,fct_cdf,18.1249,22.0026
10,65536,fct_cdf,18.1897,22.5027
10,65536,fct_cdf,18.2692,23.0028
10,65536,fct_cdf,18.3449,23.5028
10,65536,fct_cdf,18.4187,24.0029
10,65536,fct_cdf,18.4839,24.5029
10,65536,fct_cdf,18.5554,25.0030
10,65536,fct_cdf,18.6315,25.5031
10,65536,fct_cdf,18.6996,26.0031
10,65536,fct_cdf,18.7687,26.5032
10,65536,fct_cdf,18.8301,27.0032
10,65536,fct_cdf,18.8925,27.5033
10,65536,fct_cdf,18.9554,28.0034
10,65536,fct_cdf,19.0292,28.5034
10,65536,fct_cdf,19.0925,29.0035
10,65536,fct_cdf,19.1658,29.5035
10,65536,fct_cdf,19.2301,30.0036
10,65536,fct_cdf,19.2868,30.5037
10,65536,fct_cdf,19.3634,31.0037
10,65536,fct_cdf,19.4282,31.5038
10,65536,fct_cdf,19.4863,32.0038
10,65536,fct_cdf,19.5463,32.5039
10,65536,fct_cdf,19.6101,33.0040
10,65536,fct_cdf,19.6825,33.5040
10,65536,fct_cdf,19.7553,34.0041
10,65536,fct_cdf,19.8225,34.5041
10,65536,fct_cdf,19.8906,35.0042
10,65536,fct_cdf,19.9639,35.5043
10,65536,fct_cdf,20.0244,36.0043
10,65536,fct_cdf,20.0839,36.5044
10,65536,fct_cdf,20.1506,37.0044
10,65536,fct_cdf,20.2168,37.5045
10,65536,fct_cdf,20.2829,38.0006
10,65536,fct_cdf,20.3529,38.5006
10,65536,fct_cdf,20.4272,39.0007
10,65536,fct_cdf,20.4987,39.5007
10,65536,fct_cdf,20.5706,40.0008
10,65536,fct_cdf,20.6544,40.5009
10,65536,fct_cdf,20.7420,41.0009
10,65536,fct_cdf,20.8120,41.5010
10,65536,fct_cdf,20.8886,42.0010
10,65536,fct_cdf,20.9677,42.5011
10,65536,fct_cdf,21.0553,43.0012
10,65536,fct_cdf,21.1410,43.5012
10,65536,fct_cdf,21.2105,44.0013
10,65536,fct_cdf,21.2839,44.5013
10,65536,fct_cdf,21.3596,45.0014
10,65536,fct_cdf,21.4344,45.5015
10,65536,fct_cdf,21.5082,46.0015
10,65536,fct_cdf,21.5982,46.5016
10,65536,fct_cdf,21.6796,47.0016
10,65536,fct_cdf,21.7710,47.5017
10,65536,fct_cdf,21.8629,48.0018
10,65536,fct_cdf,21.9410,48.5018
10,65536,fct_cdf,22.0153,49.0019
10,65536,fct_cdf,22.0972,49.5019
10,65536,fct_cdf,22.1877,50.0020
10,65536,fct_cdf,22.2710,50.5021
10,65536,fct_cdf,22.3658,51.0021
10,65536,fct_cdf,22.4524,51.5022
10,65536,fct_cdf,22.5615,52.0022
10,65536,fct_cdf,22.6558,52.5023
10,65536,fct_cdf,22.7515,53.0024
10,65536,fct_cdf,22.8434,53.5024
10,65536,fct_cdf,22.9400,54.0025
10,65536,fct_cdf,23.0615,54.5025
10,65536,fct_cdf,23.1734,55.0026
10,65536,fct_cdf,23.2838,55.5027
10,65536,fct_cdf,23.3853,56.0027
10,65536,fct_cdf,23.5100,56.5028
10,65536,fct_cdf,23.6210,57.0028
10,65536,fct_cdf,23.7367,57.5029
10,65536,fct_cdf,23.8595,58.0030
10,65536,fct_cdf,23.9676,58.5030
10,65536,fct_cdf,24.0924,59.0031
10,65536,fct_cdf,24.2419,59.5031
10,65536,fct_cdf,24.3910,60.0032
10,65536,fct_cdf,24.5229,60.5033
10,65536,fct_cdf,24.6667,61.0033
10,65536,fct_cdf,24.8138,61.5034
10,65536,fct_cdf,24.9519,62.0034
10,65536,fct_cdf,25.0895,62.4995
10,65536,fct_cdf,25.2505,62.9996
10,65536,fct_cdf,25.4067,63.4996
10,65536,fct_cdf,25.5819,63.9997
10,65536,fct_cdf,25.7824,64.4997
10,65536,fct_cdf,25.9862,64.9998
10,65536,fct_cdf,26.1924,65.4999
10,65536,fct_cdf,26.4166,65.9999
10,65536,fct_cdf,26.6414,66.5000
10,65536,fct_cdf,26.8928,67.0000
10,65536,fct_cdf,27.1800,67.5001
10,65536,fct_cdf,27.5866,68.0002
10,65536,fct_cdf,27.9204,68.5002
10,65536,fct_cdf,28.2995,69.0003
10,65536,fct_cdf,28.8009,69.5003
10,65536,fct_cdf,29.3656,70.0004
10,65536,fct_cdf,30.0794,70.5005
10,65536,fct_cdf,31.1656,71.0005
10,65536,fct_cdf,32.7456,71.5006
10,65536,fct_cdf,42.0001,72.0006
10,65536,fct_cdf,60.1379,72.5007
10,65536,fct_cdf,60.4503,73.0008
10,65536,fct_cdf,60.6436,73.5008
10,65536,fct_cdf,60.8007,74.0009
10,65536,fct_cdf,60.9212,74.5009
10,65536,fct_cdf,61.0345,75.0010
10,65536,fct_cdf,61.1269,75.5011
10,65536,fct_cdf,61.2383,76.0011
10,65536,fct_cdf,61.3555,76.5012
10,65536,fct_cdf,61.4855,77.0012
10,65536,fct_cdf,61.6055,77.5013
10,65536,fct_cdf,61.7407,78.0014
10,65536,fct_cdf,61.8636,78.5014
10,65536,fct_cdf,61.9926,79.0015
10,65536,fct_cdf,62.1136,79.5015
10,65536,fct_cdf,62.2221,80.0016
10,65536,fct_cdf,62.3636,80.5017
10,65536,fct_cdf,62.4859,81.0017
10,65536,fct_cdf,62.6231,81.5018
10,65536,fct_cdf,62.7569,82.0018
10,65536,fct_cdf,62.8983,82.5019
10,65536,fct_cdf,63.0331,83.0020
10,65536,fct_cdf,63.1735,83.5020
10,65536,fct_cdf,63.3012,84.0021
10,65536,fct_cdf,63.4426,84.5021
10,65536,fct_cdf,63.5897,85.0022
10,65536,fct_cdf,63.7478,85.5023
10,65536,fct_cdf,63.8945,86.0023
10,65536,fct_cdf,64.0359,86.5024
10,65536,fct_cdf,64.1826,87.0024
10,65536,fct_cdf,64.3302,87.5025
10,65536,fct_cdf,64.4688,87.9986
10,65536,fct_cdf,64.6416,88.4986
10,65536,fct_cdf,64.8164,88.9987
10,65536,fct_cdf,65.0002,89.4987
10,65536,fct_cdf,65.1630,89.9988
10,65536,fct_cdf,65.3487,90.4989
10,65536,fct_cdf,65.4864,90.9989
10,65536,fct_cdf,65.6868,91.4990
10,65536,fct_cdf,65.9159,91.9990
10,65536,fct_cdf,66.1173,92.4991
10,65536,fct_cdf,66.3659,92.9992
10,65536,fct_cdf,66.5978,93.4992
10,65536,fct_cdf,66.8530,93.9993
10,65536,fct_cdf,67.0897,94.4993
10,65536,fct_cdf,67.3458,94.9994
10,65536,fct_cdf,67.6673,95.4995
10,65536,fct_cdf,68.0230,95.9995
10,65536,fct_cdf,68.4125,96.4996
10,65536,fct_cdf,68.8396,96.9996
10,65536,fct_cdf,69.2587,97.4997
10,65536,fct_cdf,69.8896,97.9998
10,65536,fct_cdf,70.6534,98.4998
10,65536,fct_cdf,71.7062,98.9999
10,65536,fct_cdf,73.6948,99.4999
10,65536,fct_cdf,898.7450,100.0000
10,65536,fct_p50,,22.188
10,65536,fct_p99,,71.707
10,65536,fct_p999,,88.162
10,65536,samples,,24997
12,,goodput_gbps,,165.41
12,4096,fct_cdf,3.8409,0.0010
12,4096,fct_cdf,4.1613,0.5010
12,4096,fct_cdf,4.2228,1.0010
12,4096,fct_cdf,4.2656,1.5010
12,4096,fct_cdf,4.2994,2.0011
12,4096,fct_cdf,4.3318,2.5011
12,4096,fct_cdf,4.3628,3.0011
12,4096,fct_cdf,4.3866,3.5011
12,4096,fct_cdf,4.4075,4.0011
12,4096,fct_cdf,4.4280,4.5011
12,4096,fct_cdf,4.4480,5.0012
12,4096,fct_cdf,4.4690,5.5012
12,4096,fct_cdf,4.4880,6.0012
12,4096,fct_cdf,4.5061,6.5012
12,4096,fct_cdf,4.5256,7.0012
12,4096,fct_cdf,4.5437,7.5012
12,4096,fct_cdf,4.5628,8.0012
12,4096,fct_cdf,4.5799,8.5013
12,4096,fct_cdf,4.5990,9.0013
12,4096,fct_cdf,4.6151,9.5013
12,4096,fct_cdf,4.6328,10.0013
12,4096,fct_cdf,4.6518,10.5013
12,4096,fct_cdf,4.6699,11.0013
12,4096,fct_cdf,4.6875,11.5013
12,4096,fct_cdf,4.7037,12.0014
12,4096,fct_cdf,4.7218,12.5014
12,4096,fct_cdf,4.7394,13.0004
12,4096,fct_cdf,4.7575,13.5004
12,4096,fct_cdf,4.7761,14.0004
12,4096,fct_cdf,4.7947,14.5004
12,4096,fct_cdf,4.8142,15.0005
12,4096,fct_cdf,4.8332,15.5005
12,4096,fct_cdf,4.8537,16.0005
12,4096,fct_cdf,4.8723,16.5005
12,4096,fct_cdf,4.8909,17.0005
12,4096,fct_cdf,4.9104,17.5005
12,4096,fct_cdf,4.9304,18.0005
12,4096,fct_cdf,4.9508,18.5006
12,4096,fct_cdf,4.9718,19.0006
12,4096,fct_cdf,4.9928,19.5006
12,4096,fct_cdf,5.0137,20.0006
12,4096,fct_cdf,5.0366,20.5006
12,4096,fct_cdf,5.0580,21.0006
12,4096,fct_cdf,5.0813,21.5006
12,4096,fct_cdf,5.1061,22.0007
12,4096,fct_cdf,5.1308,22.5007
12,4096,fct_cdf,5.1547,23.0007
12,4096,fct_cdf,5.1809,23.5007
12,4096,fct_cdf,5.2047,24.0007
12,4096,fct_cdf,5.2289,24.5007
12,4096,fct_cdf,5.2546,25.0008
12,4096,fct_cdf,5.2828,25.5008
12,4096,fct_cdf,5.3070,26.0008
12,4096,fct_cdf,5.3346,26.5008
12,4096,fct_cdf,5.3599,27.0008
12,4096,fct_cdf,5.3851,27.5008
12,4096,fct_cdf,5.4099,28.0008
12,4096,fct_cdf,5.4332,28.5009
12,4096,fct_cdf,5.4604,29.0009
12,4096,fct_cdf,5.4880,29.5009
12,4096,fct_cdf,5.5104,30.0009
12,4096,fct_cdf,5.5361,30.5009
12,4096,fct_cdf,5.5613,31.0009
12,4096,fct_cdf,5.5851,31.5009
12,4096,fct_cdf,5.6085,32.0010
12,4096,fct_cdf,5.6327,32.5010
12,4096,fct_cdf,5.6575,33.0010
12,4096,fct_cdf,5.6832,33.5010
12,4096,fct_cdf,5.7056,34.0010
12,4096,fct_cdf,5.7294,34.5010
12,4096,fct_cdf,5.7546,35.0011
12,4096,fct_cdf,5.7780,35.5011
12,4096,fct_cdf,5.8037,36.0011
12,4096,fct_cdf,5.8294,36.5011
12,4096,fct_cdf,5.8518,37.0011
12,4096,fct_cdf,5.8765,37.5001
12,4096,fct_cdf,5.9018,38.0001
12,4096,fct_cdf,5.9270,38.5002
12,4096,fct_cdf,5.9532,39.0002
12,4096,fct_cdf,5.9794,39.5002
12,4096,fct_cdf,6.0065,40.0002
12,4096,fct_cdf,6.0323,40.5002
12,4096,fct_cdf,6.0584,41.0002
12,4096,fct_cdf,6.0865,41.5002
12,4096,fct_cdf,6.1137,42.0003
12,4096,fct_cdf,6.1413,42.5003
12,4096,fct_cdf,6.1694,43.0003
12,4096,fct_cdf,6.1961,43.5003
12,4096,fct_cdf,6.2246,44.0003
12,4096,fct_cdf,6.2518,44.5003
12,4096,fct_cdf,6.2827,45.0004
12,4096,fct_cdf,6.3113,45.5004
12,4096,fct_cdf,6.3413,46.0004
12,4096,fct_cdf,6.3708,46.5004
12,4096,fct_cdf,6.4013,47.0004
12,4096,fct_cdf,6.4318,47.5004
12,4096,fct_cdf,6.4603,48.0004
12,4096,fct_cdf,6.4918,48.5005
12,4096,fct_cdf,6.5237,49.0005
12,4096,fct_cdf,6.5556,49.5005
12,4096,fct_cdf,6.5861,50.0005
12,4096,fct_cdf,6.6199,50.5005
12,4096,fct_cdf,6.6508,51.0005
12,4096,fct_cdf,6.6841,51.5005
12,4096,fct_cdf,6.7194,52.0006
12,4096,fct_cdf,6.7542,52.5006
12,4096,fct_cdf,6.7880,53.0006
12,4096,fct_cdf,6.8199,53.5006
12,4096,fct_cdf,6.8556,54.0006
12,4096,fct_cdf,6.8870,54.5006
12,4096,fct_cdf,6.9241,55.0007
12,4096,fct_cdf,6.9603,55.5007
12,4096,fct_cdf,6.9961,56.0007
12,4096,fct_cdf,7.0289,56.5007
12,4096,fct_cdf,7.0632,57.0007
12,4096,fct_cdf,7.0979,57.5007
12,4096,fct_cdf,7.1337,58.0007
12,4096,fct_cdf,7.1718,58.5008
12,4096,fct_cdf,7.2056,59.0008
12,4096,fct_cdf,7.2432,59.5008
12,4096,fct_cdf,7.2818,60.0008
12,4096,fct_cdf,7.3156,60.5008
12,4096,fct_cdf,7.3537,61.0008
12,4096,fct_cdf,7.3927,61.5008
12,4096,fct_cdf,7.4299,62.0009
12,4096,fct_cdf,7.4689,62.5009
12,4096,fct_cdf,7.5089,62.9999
12,4096,fct_cdf,7.5470,63.4999
12,4096,fct_cdf,7.5860,63.9999
12,4096,fct_cdf,7.6270,64.4999
12,4096,fct_cdf,7.6694,64.9999
12,4096,fct_cdf,7.7108,65.5000
12,4096,fct_cdf,7.7522,66.0000
12,4096,fct_cdf,7.7941,66.5000
12,4096,fct_cdf,7.8365,67.0000
12,4096,fct_cdf,7.8803,67.5000
12,4096,fct_cdf,7.9241,68.0000
12,4096,fct_cdf,7.9703,68.5001
12,4096,fct_cdf,8.0151,69.0001
12,4096,fct_cdf,8.0613,69.5001
12,4096,fct_cdf,8.1089,70.0001
12,4096,fct_cdf,8.1541,70.5001
12,4096,fct_cdf,8.2051,71.0001
12,4096,fct_cdf,8.2517,71.5001
12,4096,fct_cdf,8.2989,72.0002
12,4096,fct_cdf,8.3517,72.5002
12,4096,fct_cdf,8.3965,73.0002
12,4096,fct_cdf,8.4470,73.5002
12,4096,fct_cdf,8.4936,74.0002
12,4096,fct_cdf,8.5470,74.5002
12,4096,fct_cdf,8.6003,75.0003
12,4096,fct_cdf,8.6584,75.5003
12,4096,fct_cdf,8.7084,76.0003
12,4096,fct_cdf,8.7670,76.5003
12,4096,fct_cdf,8.8260,77.0003
12,4096,fct_cdf,8.8836,77.5003
12,4096,fct_cdf,8.9422,78.0003
12,4096,fct_cdf,9.0012,78.5004
12,4096,fct_cdf,9.0627,79.0004
12,4096,fct_cdf,9.1270,79.5004
12,4096,fct_cdf,9.1960,80.0004
12,4096,fct_cdf,9.2574,80.5004
12,4096,fct_cdf,9.3265,81.0004
12,4096,fct_cdf,9.3903,81.5004
12,4096,fct_cdf,9.4555,82.0005
12,4096,fct_cdf,9.5203,82.5005
12,4096,fct_cdf,9.5960,83.0005
12,4096,fct_cdf,9.6669,83.5005
12,4096,fct_cdf,9.7417,84.0005
12,4096,fct_cdf,9.8208,84.5005
12,4096,fct_cdf,9.9008,85.0006
12,4096,fct_cdf,9.9865,85.5006
12,4096,fct_cdf,10.0736,86.0006
12,4096,fct_cdf,10.1584,86.5006
12,4096,fct_cdf,10.2455,87.0006
12,4096,fct_cdf,10.3403,87.4996
12,4096,fct_cdf,10.4288,87.9996
12,4096,fct_cdf,10.5226,88.4997
12,4096,fct_cdf,10.6245,88.9997
12,4096,fct_cdf,10.7341,89.4997
12,4096,fct_cdf,10.8464,89.9997
12,4096,fct_cdf,10.9541,90.4997
12,4096,fct_cdf,11.0769,90.9997
12,4096,fct_cdf,11.2155,91.4997
12,4096,fct_cdf,11.3479,91.9998
12,4096,fct_cdf,11.4874,92.4998
12,4096,fct_cdf,11.6469,92.9998
12,4096,fct_cdf,11.8045,93.4998
12,4096,fct_cdf,11.9702,93.9998
12,4096,fct_cdf,12.1517,94.4998
12,4096,fct_cdf,12.3502,94.9998
12,4096,fct_cdf,12.5655,95.4999
12,4096,fct_cdf,12.7969,95.9999
12,4096,fct_cdf,13.0612,96.4999
12,4096,fct_cdf,13.3697,96.9999
12,4096,fct_cdf,13.7131,97.4999
12,4096,fct_cdf,14.1035,97.9999
12,4096,fct_cdf,14.6345,98.5000
12,4096,fct_cdf,15.3783,99.0000
12,4096,fct_cdf,16.5954,99.5000
12,4096,fct_cdf,51.8851,100.0000
12,4096,fct_p50,,6.586
12,4096,fct_p99,,15.380
12,4096,fct_p999,,19.113
12,4096,samples,,99997
12,65536,fct_cdf,49.8389,0.0040
12,65536,fct_cdf,50.6693,0.5041
12,65536,fct_cdf,50.7893,1.0041
12,65536,fct_cdf,50.8746,1.5042
12,65536,fct_cdf,50.9512,2.0042
12,65536,fct_cdf,51.0074,2.5043
12,65536,fct_cdf,51.0612,3.0044
12,65536,fct_cdf,51.1074,3.5044
12,65536,fct_cdf,51.1560,4.0045
12,65536,fct_cdf,51.1984,4.5045
12,65536,fct_cdf,51.2350,5.0046
12,65536,fct_cdf,51.2688,5.5047
12,65536,fct_cdf,51.2950,6.0047
12,65536,fct_cdf,51.3250,6.5048
12,65536,fct_cdf,51.3612,7.0048
12,65536,fct_cdf,51.3907,7.5049
12,65536,fct_cdf,51.4203,8.0050
12,65536,fct_cdf,51.4446,8.5050
12,65536,fct_cdf,51.4750,9.0051
12,65536,fct_cdf,51.5031,9.5051
12,65536,fct_cdf,51.5265,10.0052
12,65536,fct_cdf,51.5517,10.5053
12,65536,fct_cdf,51.5784,11.0053
12,65536,fct_cdf,51.6022,11.5054
12,65536,fct_cdf,51.6260,12.0054
12,65536,fct_cdf,51.6484,12.5015
12,65536,fct_cdf,51.6765,13.0016
12,65536,fct_cdf,51.6969,13.5016
12,65536,fct_cdf,51.7198,14.0017
12,65536,fct_cdf,51.7460,14.5017
12,65536,fct_cdf,51.7698,15.0018
12,65536,fct_cdf,51.7979,15.5019
12,65536,fct_cdf,51.8212,16.0019
12,65536,fct_cdf,51.8455,16.5020
12,65536,fct_cdf,51.8693,17.0020
12,65536,fct_cdf,51.8955,17.5021
12,65536,fct_cdf,51.9198,18.0022
12,65536,fct_cdf,51.9450,18.5022
12,65536,fct_cdf,51.9712,19.0023
12,65536,fct_cdf,51.9979,19.5023
12,65536,fct_cdf,52.0207,20.0024
12,65536,fct_cdf,52.0479,20.5025
12,65536,fct_cdf,52.0736,21.0025
12,65536,fct_cdf,52.1036,21.5026
12,65536,fct_cdf,52.1293,22.0026
12,65536,fct_cdf,52.1598,22.5027
12,65536,fct_cdf,52.1864,23.0028
12,65536,fct_cdf,52.2126,23.5028
12,65536,fct_cdf,52.2383,24.0029
12,65536,fct_cdf,52.2660,24.5029
12,65536,fct_cdf,52.2964,25.0030
12,65536,fct_cdf,52.3269,25.5031
12,65536,fct_cdf,52.3588,26.0031
12,65536,fct_cdf,52.3940,26.5032
12,65536,fct_cdf,52.4245,27.0032
12,65536,fct_cdf,52.4531,27.5033
12,65536,fct_cdf,52.4826,28.0034
12,65536,fct_cdf,52.5169,28.5034
12,65536,fct_cdf,52.5498,29.0035
12,65536,fct_cdf,52.5826,29.5035
12,65536,fct_cdf,52.6117,30.0036
12,65536,fct_cdf,52.6402,30.5037
12,65536,fct_cdf,52.6717,31.0037
12,65536,fct_cdf,52.7026,31.5038
12,65536,fct_cdf,52.7326,32.0038
12,65536,fct_cdf,52.7636,32.5039
12,65536,fct_cdf,52.7959,33.0040
12,65536,fct_cdf,52.8264,33.5040
12,65536,fct_cdf,52.8597,34.0041
12,65536,fct_cdf,52.8926,34.5041
12,65536,fct_cdf,52.9212,35.0042
12,65536,fct_cdf,52.9531,35.5043
12,65536,fct_cdf,52.9855,36.0043
12,65536,fct_cdf,53.0164,36.5044
12,65536,fct_cdf,53.0464,37.0044
12,65536,fct_cdf,53.0764,37.5045
12,65536,fct_cdf,53.1097,38.0006
12,65536,fct_cdf,53.1402,38.5006
12,65536,fct_cdf,53.1697,39.0007
12,65536,fct_cdf,53.2035,39.5007
12,65536,fct_cdf,53.2364,40.0008
12,65536,fct_cdf,53.2688,40.5009
12,65536,fct_cdf,53.3031,41.0009
12,65536,fct_cdf,53.3326,41.5010
12,65536,fct_cdf,53.3707,42.0010
12,65536,fct_cdf,53.4031,42.5011
12,65536,fct_cdf,53.4369,43.0012
12,65536,fct_cdf,53.4688,43.5012
12,65536,fct_cdf,53.5112,44.0013
12,65536,fct_cdf,53.5488,44.5013
12,65536,fct_cdf,53.5840,45.0014
12,65536,fct_cdf,53.6169,45.5015
12,65536,fct_cdf,53.6611,46.0015
12,65536,fct_cdf,53.6954,46.5016
12,65536,fct_cdf,53.7259,47.0016
12,65536,fct_cdf,53.7611,47.5017
12,65536,fct_cdf,53.7950,48.0018
12,65536,fct_cdf,53.8264,48.5018
12,65536,fct_cdf,53.8669,49.0019
12,65536,fct_cdf,53.9050,49.5019
12,65536,fct_cdf,53.9397,50.0020
12,65536,fct_cdf,53.9759,50.5021
12,65536,fct_cdf,54.0116,51.0021
12,65536,fct_cdf,54.0464,51.5022
12,65536,fct_cdf,54.0845,52.0022
12,65536,fct_cdf,54.1164,52.5023
12,65536,fct_cdf,54.1530,53.0024
12,65536,fct_cdf,54.1873,53.5024
12,65536,fct_cdf,54.2240,54.0025
12,65536,fct_cdf,54.2645,54.5025
12,65536,fct_cdf,54.3107,55.0026
12,65536,fct_cdf,54.3516,55.5027
12,65536,fct_cdf,54.3921,56.0027
12,65536,fct_cdf,54.4302,56.5028
12,65536,fct_cdf,54.4702,57.0028
12,65536,fct_cdf,54.5106,57.5029
12,65536,fct_cdf,54.5521,58.0030
12,65536,fct_cdf,54.5887,58.5030
12,65536,fct_cdf,54.6302,59.0031
12,65536,fct_cdf,54.6711,59.5031
12,65536,fct_cdf,54.7130,60.0032
12,65536,fct_cdf,54.7583,60.5033
12,65536,fct_cdf,54.7992,61.0033
12,65536,fct_cdf,54.8435,61.5034
12,65536,fct_cdf,54.8859,62.0034
12,65536,fct_cdf,54.9306,62.4995
12,65536,fct_cdf,54.9759,62.9996
12,65536,fct_cdf,55.0206,63.4996
12,65536,fct_cdf,55.0654,63.9997
12,65536,fct_cdf,55.1182,64.4997
12,65536,fct_cdf,55.1625,64.9998
12,65536,fct_cdf,55.2040,65.4999
12,65536,fct_cdf,55.2430,65.9999
12,65536,fct_cdf,55.2825,66.5000
12,65536,fct_cdf,55.3259,67.0000
12,65536,fct_cdf,55.3778,67.5001
12,65536,fct_cdf,55.4249,68.0002
12,65536,fct_cdf,55.4682,68.5002
12,65536,fct_cdf,55.5173,69.0003
12,65536,fct_cdf,55.5687,69.5003
12,65536,fct_cdf,55.6187,70.0004
12,65536,fct_cdf,55.6725,70.5005
12,65536,fct_cdf,55.7211,71.0005
12,65536,fct_cdf,55.7763,71.5006
12,65536,fct_cdf,55.8311,72.0006
12,65536,fct_cdf,55.8801,72.5007
12,65536,fct_cdf,55.9311,73.0008
12,65536,fct_cdf,55.9849,73.5008
12,65536,fct_cdf,56.0415,74.0009
12,65536,fct_cdf,56.0973,74.5009
12,65536,fct_cdf,56.1544,75.0010
12,65536,fct_cdf,56.2192,75.5011
12,65536,fct_cdf,56.2925,76.0011
12,65536,fct_cdf,56.3511,76.5012
12,65536,fct_cdf,56.4106,77.0012
12,65536,fct_cdf,56.4763,77.5013
12,65536,fct_cdf,56.5396,78.0014
12,65536,fct_cdf,56.6139,78.5014
12,65536,fct_cdf,56.6825,79.0015
12,65536,fct_cdf,56.7520,79.5015
12,65536,fct_cdf,56.8139,80.0016
12,65536,fct_cdf,56.8844,80.5017
12,65536,fct_cdf,56.9610,81.0017
12,65536,fct_cdf,57.0329,81.5018
12,65536,fct_cdf,57.0996,82.0018
12,65536,fct_cdf,57.1848,82.5019
12,65536,fct_cdf,57.2572,83.0020
12,65536,fct_cdf,57.3358,83.5020
12,65536,fct_cdf,57.4148,84.0021
12,65536,fct_cdf,57.5072,84.5021
12,65536,fct_cdf,57.5963,85.0022
12,65536,fct_cdf,57.6829,85.5023
12,65536,fct_cdf,57.7763,86.0023
12,65536,fct_cdf,57.8734,86.5024
12,65536,fct_cdf,57.9667,87.0024
12,65536,fct_cdf,58.0596,87.5025
12,65536,fct_cdf,58.1591,87.9986
12,65536,fct_cdf,58.2791,88.4986
12,65536,fct_cdf,58.3896,88.9987
12,65536,fct_cdf,58.5100,89.4987
12,65536,fct_cdf,58.6410,89.9988
12,65536,fct_cdf,58.7843,90.4989
12,65536,fct_cdf,58.9205,90.9989
12,65536,fct_cdf,59.0719,91.4990
12,65536,fct_cdf,59.2410,91.9990
12,65536,fct_cdf,59.4233,92.4991
12,65536,fct_cdf,59.5824,92.9992
12,65536,fct_cdf,59.7295,93.4992
12,65536,fct_cdf,59.9476,93.9993
12,65536,fct_cdf,60.1586,94.4993
12,65536,fct_cdf,60.4047,94.9994
12,65536,fct_cdf,60.6828,95.4995
12,65536,fct_cdf,60.9866,95.9995
12,65536,fct_cdf,61.3495,96.4996
12,65536,fct_cdf,61.7557,96.9996
12,65536,fct_cdf,62.3190,97.4997
12,65536,fct_cdf,63.0823,97.9998
12,65536,fct_cdf,64.3341,98.4998
12,65536,fct_cdf,66.3893,98.9999
12,65536,fct_cdf,73.2058,99.4999
12,65536,fct_cdf,851.5680,100.0000
12,65536,fct_p50,,53.940
12,65536,fct_p99,,66.391
12,65536,fct_p999,,136.794
12,65536,samples,,24997
