arm,run,cls,src_vf,flow,gbps,tcp_retrans
gbn,1,rdma,0,0,0.15,
gbn,1,rdma,0,1,0.15,
gbn,1,rdma,0,2,0.15,
gbn,1,rdma,0,3,0.15,
gbn,1,tcp,0,0,0.995,419944
gbn,1,tcp,0,1,0.94,380425
gbn,1,tcp,0,2,1.078,420581
gbn,1,tcp,0,3,0.952,385631
gbn,1,rdma,1,0,0.15,
gbn,1,rdma,1,1,0.15,
gbn,1,rdma,1,2,0.15,
gbn,1,rdma,1,3,0.15,
gbn,1,tcp,1,0,1.157,473746
gbn,1,tcp,1,1,1.002,382989
gbn,1,tcp,1,2,1.101,413687
gbn,1,tcp,1,3,1.006,384241
gbn,1,rdma,2,0,0.15,
gbn,1,rdma,2,1,0.15,
gbn,1,rdma,2,2,0.15,
gbn,1,rdma,2,3,0.15,
gbn,1,tcp,2,0,0.966,376862
gbn,1,tcp,2,1,1.272,506236
gbn,1,tcp,2,2,0.954,381082
gbn,1,tcp,2,3,1.102,439718
gbn,1,rdma,3,0,0.15,
gbn,1,rdma,3,1,0.15,
gbn,1,rdma,3,2,0.15,
gbn,1,rdma,3,3,0.15,
gbn,1,tcp,3,0,1.142,437411
gbn,1,tcp,3,1,1.172,459419
gbn,1,tcp,3,2,0.953,390875
gbn,1,tcp,3,3,0.891,362615
gbn,2,rdma,0,0,0.15,
gbn,2,rdma,0,1,0.15,
gbn,2,rdma,0,2,0.15,
gbn,2,rdma,0,3,0.15,
gbn,2,tcp,0,0,1.097,439949
gbn,2,tcp,0,1,0.907,333026
gbn,2,tcp,0,2,1.248,507752
gbn,2,tcp,0,3,1.117,429080
gbn,2,rdma,1,0,0.15,
gbn,2,rdma,1,1,0.15,
gbn,2,rdma,1,2,0.15,
gbn,2,rdma,1,3,0.15,
gbn,2,tcp,1,0,1.303,484015
gbn,2,tcp,1,1,0.952,371994
gbn,2,tcp,1,2,1.213,467084
gbn,2,tcp,1,3,1.258,480470
gbn,2,rdma,2,0,0.15,
gbn,2,rdma,2,1,0.15,
gbn,2,rdma,2,2,0.15,
gbn,2,rdma,2,3,0.15,
gbn,2,tcp,2,0,1.083,407412
gbn,2,tcp,2,1,0.788,294658
gbn,2,tcp,2,2,0.943,356381
gbn,2,tcp,2,3,0.956,375130
gbn,2,rdma,3,0,0.15,
gbn,2,rdma,3,1,0.15,
gbn,2,rdma,3,2,0.15,
gbn,2,rdma,3,3,0.15,
gbn,2,tcp,3,0,0.887,332285
gbn,2,tcp,3,1,0.903,350026
gbn,2,tcp,3,2,1.074,411624
gbn,2,tcp,3,3,1.011,385545
gbn,3,rdma,0,0,0.15,
gbn,3,rdma,0,1,0.15,
gbn,3,rdma,0,2,0.15,
gbn,3,rdma,0,3,0.15,
gbn,3,tcp,0,0,0.925,354746
gbn,3,tcp,0,1,1.027,385828
gbn,3,tcp,0,2,1.15,435216
gbn,3,tcp,0,3,1.09,396688
gbn,3,rdma,1,0,0.15,
gbn,3,rdma,1,1,0.15,
gbn,3,rdma,1,2,0.15,
gbn,3,rdma,1,3,0.15,
gbn,3,tcp,1,0,1.067,384723
gbn,3,tcp,1,1,1.05,415411
gbn,3,tcp,1,2,1.313,501822
gbn,3,tcp,1,3,1.036,355314
gbn,3,rdma,2,0,0.15,
gbn,3,rdma,2,1,0.15,
gbn,3,rdma,2,2,0.15,
gbn,3,rdma,2,3,0.15,
gbn,3,tcp,2,0,1.264,488313
gbn,3,tcp,2,1,0.923,349301
gbn,3,tcp,2,2,1.105,461602
gbn,3,tcp,2,3,1.205,470595
gbn,3,rdma,3,0,0.15,
gbn,3,rdma,3,1,0.15,
gbn,3,rdma,3,2,0.15,
gbn,3,rdma,3,3,0.15,
gbn,3,tcp,3,0,0.861,329299
gbn,3,tcp,3,1,1.081,444941
gbn,3,tcp,3,2,0.835,328155
gbn,3,tcp,3,3,0.858,342672
sr1024,1,rdma,0,0,0.063,
sr1024,1,rdma,0,1,0.062,
sr1024,1,rdma,0,2,0.063,
sr1024,1,rdma,0,3,0.062,
sr1024,1,tcp,0,0,1.11,424492
sr1024,1,tcp,0,1,1.286,499229
sr1024,1,tcp,0,2,1.278,495556
sr1024,1,tcp,0,3,1.063,388894
sr1024,1,rdma,1,0,0.063,
sr1024,1,rdma,1,1,0.063,
sr1024,1,rdma,1,2,0.063,
sr1024,1,rdma,1,3,0.063,
sr1024,1,tcp,1,0,0.689,288191
sr1024,1,tcp,1,1,1.248,492159
sr1024,1,tcp,1,2,1.203,444255
sr1024,1,tcp,1,3,1.021,369644
sr1024,1,rdma,2,0,0.062,
sr1024,1,rdma,2,1,0.062,
sr1024,1,rdma,2,2,0.062,
sr1024,1,rdma,2,3,0.062,
sr1024,1,tcp,2,0,1.179,467691
sr1024,1,tcp,2,1,1.078,422402
sr1024,1,tcp,2,2,1.031,389137
sr1024,1,tcp,2,3,1.473,542723
sr1024,1,rdma,3,0,0.062,
sr1024,1,rdma,3,1,0.062,
sr1024,1,rdma,3,2,0.062,
sr1024,1,rdma,3,3,0.062,
sr1024,1,tcp,3,0,0.954,343561
sr1024,1,tcp,3,1,0.96,411702
sr1024,1,tcp,3,2,1.249,449811
sr1024,1,tcp,3,3,1.614,646530
sr1024,2,rdma,0,0,0.062,
sr1024,2,rdma,0,1,0.062,
sr1024,2,rdma,0,2,0.062,
sr1024,2,rdma,0,3,0.062,
sr1024,2,tcp,0,0,1.375,414796
sr1024,2,tcp,0,1,1.171,472398
sr1024,2,tcp,0,2,1.248,480968
sr1024,2,tcp,0,3,1.27,489699
sr1024,2,rdma,1,0,0.062,
sr1024,2,rdma,1,1,0.061,
sr1024,2,rdma,1,2,0.062,
sr1024,2,rdma,1,3,0.062,
sr1024,2,tcp,1,0,0.998,383405
sr1024,2,tcp,1,1,1.209,453855
sr1024,2,tcp,1,2,1.147,443092
sr1024,2,tcp,1,3,1.134,430356
sr1024,2,rdma,2,0,0.061,
sr1024,2,rdma,2,1,0.061,
sr1024,2,rdma,2,2,0.061,
sr1024,2,rdma,2,3,0.06,
sr1024,2,tcp,2,0,1.456,543084
sr1024,2,tcp,2,1,0.766,301374
sr1024,2,tcp,2,2,1.028,418420
sr1024,2,tcp,2,3,1.446,542733
sr1024,2,rdma,3,0,0.061,
sr1024,2,rdma,3,1,0.061,
sr1024,2,rdma,3,2,0.061,
sr1024,2,rdma,3,3,0.061,
sr1024,2,tcp,3,0,1.18,410257
sr1024,2,tcp,3,1,0.782,294153
sr1024,2,tcp,3,2,1.304,468826
sr1024,2,tcp,3,3,0.934,436307
sr1024,3,rdma,0,0,0.063,
sr1024,3,rdma,0,1,0.063,
sr1024,3,rdma,0,2,0.063,
sr1024,3,rdma,0,3,0.063,
sr1024,3,tcp,0,0,1.094,398617
sr1024,3,tcp,0,1,1.196,435409
sr1024,3,tcp,0,2,1.104,438312
sr1024,3,tcp,0,3,1.211,464479
sr1024,3,rdma,1,0,0.064,
sr1024,3,rdma,1,1,0.063,
sr1024,3,rdma,1,2,0.063,
sr1024,3,rdma,1,3,0.063,
sr1024,3,tcp,1,0,1.053,405986
sr1024,3,tcp,1,1,0.891,339135
sr1024,3,tcp,1,2,1.142,436393
sr1024,3,tcp,1,3,1.204,467489
sr1024,3,rdma,2,0,0.063,
sr1024,3,rdma,2,1,0.063,
sr1024,3,rdma,2,2,0.063,
sr1024,3,rdma,2,3,0.063,
sr1024,3,tcp,2,0,1.177,411628
sr1024,3,tcp,2,1,1.229,483686
sr1024,3,tcp,2,2,1.079,406681
sr1024,3,tcp,2,3,1.349,462013
sr1024,3,rdma,3,0,0.062,
sr1024,3,rdma,3,1,0.062,
sr1024,3,rdma,3,2,0.062,
sr1024,3,rdma,3,3,0.062,
sr1024,3,tcp,3,0,1.272,464519
sr1024,3,tcp,3,1,1.074,411193
sr1024,3,tcp,3,2,1.217,444620
sr1024,3,tcp,3,3,1.12,394158
sr,1,rdma,0,0,0.063,
sr,1,rdma,0,1,0.063,
sr,1,rdma,0,2,0.063,
sr,1,rdma,0,3,0.063,
sr,1,tcp,0,0,1.09,405344
sr,1,tcp,0,1,1.186,432895
sr,1,tcp,0,2,0.74,272916
sr,1,tcp,0,3,1.354,531254
sr,1,rdma,1,0,0.062,
sr,1,rdma,1,1,0.062,
sr,1,rdma,1,2,0.062,
sr,1,rdma,1,3,0.062,
sr,1,tcp,1,0,1.227,462016
sr,1,tcp,1,1,0.901,321432
sr,1,tcp,1,2,1.129,418001
sr,1,tcp,1,3,1.519,561782
sr,1,rdma,2,0,0.063,
sr,1,rdma,2,1,0.063,
sr,1,rdma,2,2,0.063,
sr,1,rdma,2,3,0.063,
sr,1,tcp,2,0,1.129,408812
sr,1,tcp,2,1,0.963,406886
sr,1,tcp,2,2,1.202,462159
sr,1,tcp,2,3,1.215,443999
sr,1,rdma,3,0,0.062,
sr,1,rdma,3,1,0.062,
sr,1,rdma,3,2,0.062,
sr,1,rdma,3,3,0.062,
sr,1,tcp,3,0,1.156,409644
sr,1,tcp,3,1,1.095,378039
sr,1,tcp,3,2,1.328,537496
sr,1,tcp,3,3,1.187,502925
sr,2,rdma,0,0,0.062,
sr,2,rdma,0,1,0.061,
sr,2,rdma,0,2,0.061,
sr,2,rdma,0,3,0.062,
sr,2,tcp,0,0,1.161,438843
sr,2,tcp,0,1,1.074,394658
sr,2,tcp,0,2,0.865,339950
sr,2,tcp,0,3,1.147,468608
sr,2,rdma,1,0,0.061,
sr,2,rdma,1,1,0.061,
sr,2,rdma,1,2,0.061,
sr,2,rdma,1,3,0.061,
sr,2,tcp,1,0,1.095,433240
sr,2,tcp,1,1,1.356,498052
sr,2,tcp,1,2,1.101,433625
sr,2,tcp,1,3,1.255,473464
sr,2,rdma,2,0,0.061,
sr,2,rdma,2,1,0.061,
sr,2,rdma,2,2,0.06,
sr,2,rdma,2,3,0.061,
sr,2,tcp,2,0,1.358,547972
sr,2,tcp,2,1,1.214,488138
sr,2,tcp,2,2,1.112,411200
sr,2,tcp,2,3,1.291,476537
sr,2,rdma,3,0,0.061,
sr,2,rdma,3,1,0.061,
sr,2,rdma,3,2,0.061,
sr,2,rdma,3,3,0.06,
sr,2,tcp,3,0,1.193,424535
sr,2,tcp,3,1,1.324,479885
sr,2,tcp,3,2,0.808,343763
sr,2,tcp,3,3,1.113,403678
sr,3,rdma,0,0,0.06,
sr,3,rdma,0,1,0.061,
sr,3,rdma,0,2,0.061,
sr,3,rdma,0,3,0.061,
sr,3,tcp,0,0,1.151,447776
sr,3,tcp,0,1,1.238,471163
sr,3,tcp,0,2,1.214,481966
sr,3,tcp,0,3,0.875,330941
sr,3,rdma,1,0,0.062,
sr,3,rdma,1,1,0.062,
sr,3,rdma,1,2,0.062,
sr,3,rdma,1,3,0.062,
sr,3,tcp,1,0,1.261,509866
sr,3,tcp,1,1,0.958,345628
sr,3,tcp,1,2,1.067,387574
sr,3,tcp,1,3,1.188,462168
sr,3,rdma,2,0,0.061,
sr,3,rdma,2,1,0.061,
sr,3,rdma,2,2,0.061,
sr,3,rdma,2,3,0.061,
sr,3,tcp,2,0,1.15,468121
sr,3,tcp,2,1,1.375,509976
sr,3,tcp,2,2,1.124,448620
sr,3,tcp,2,3,1.278,516679
sr,3,rdma,3,0,0.062,
sr,3,rdma,3,1,0.062,
sr,3,rdma,3,2,0.062,
sr,3,rdma,3,3,0.062,
sr,3,tcp,3,0,0.922,366781
sr,3,tcp,3,1,1.224,488280
sr,3,tcp,3,2,1.128,451689
sr,3,tcp,3,3,1.285,498307
