phase,ts_ns,rate
sweep_1g,1783000133605160011,5242
sweep_2g,1783000141613286117,10485
sweep_4g,1783000149621416763,20971
sweep_8g,1783000157629541570,41943
sweep_12g,1783000165637687106,62914
sweep_16g,1783000173645815879,83886
sweep_32g,1783000181653945462,167772
sweep_64g,1783000189662075849,335544
wave10hz,1783000197670212865,41943
wave10hz,1783000197770364795,20971
wave10hz,1783000197870488329,41943
wave10hz,1783000197970605255,20971
wave10hz,1783000198070724125,41943
wave10hz,1783000198170847976,20971
wave10hz,1783000198270966359,41943
wave10hz,1783000198371081130,20971
wave10hz,1783000198471199370,41943
wave10hz,1783000198571313681,20971
wave10hz,1783000198671501197,41943
wave10hz,1783000198771642606,20971
wave10hz,1783000198871778126,41943
wave10hz,1783000198971895425,20971
wave10hz,1783000199072098143,41943
wave10hz,1783000199172306435,20971
wave10hz,1783000199272520729,41943
wave10hz,1783000199372722805,20971
wave10hz,1783000199472934077,41943
wave10hz,1783000199573137492,20971
wave10hz,1783000199673323321,41943
wave10hz,1783000199773501756,20971
wave10hz,1783000199873700154,41943
wave10hz,1783000199973870860,20971
wave10hz,1783000200074043001,41943
wave10hz,1783000200174246049,20971
wave10hz,1783000200274389181,41943
wave10hz,1783000200374570126,20971
wave10hz,1783000200474722323,41943
wave10hz,1783000200574849968,20971
wave10hz,1783000200674976423,41943
wave10hz,1783000200775093401,20971
wave10hz,1783000200875273011,41943
wave10hz,1783000200975417272,20971
wave10hz,1783000201075540902,41943
wave10hz,1783000201175715559,20971
wave10hz,1783000201275894058,41943
wave10hz,1783000201376087606,20971
wave10hz,1783000201476263480,41943
wave10hz,1783000201576457493,20971
wave10hz,1783000201676609832,41943
wave10hz,1783000201776734271,20971
wave10hz,1783000201876918944,41943
wave10hz,1783000201977064195,20971
wave10hz,1783000202077241937,41943
wave10hz,1783000202177431854,20971
wave10hz,1783000202277577977,41943
wave10hz,1783000202377755029,20971
wave10hz,1783000202477898203,41943
wave10hz,1783000202578076182,20971
wave10hz,1783000202678222919,41943
wave10hz,1783000202778360680,20971
wave10hz,1783000202878532727,41943
wave10hz,1783000202978670796,20971
wave10hz,1783000203078796155,41943
wave10hz,1783000203178975714,20971
wave10hz,1783000203279191797,41943
wave10hz,1783000203379389943,20971
wave10hz,1783000203479569342,41943
wave10hz,1783000203579738918,20971
wave10hz,1783000203679912700,41943
wave10hz,1783000203780087287,20971
wave10hz,1783000203880278509,41943
wave10hz,1783000203980424656,20971
wave10hz,1783000204080573907,41943
wave10hz,1783000204180773453,20971
wave10hz,1783000204280982432,41943
wave10hz,1783000204381159993,20971
wave10hz,1783000204481361803,41943
wave10hz,1783000204581564887,20971
wave10hz,1783000204681731036,41943
wave10hz,1783000204781890684,20971
wave10hz,1783000204882090744,41943
wave10hz,1783000204982239417,20971
wave10hz,1783000205082362308,41943
wave10hz,1783000205182490816,20971
wave10hz,1783000205282615288,41943
wave10hz,1783000205382788951,20971
wave10hz,1783000205482937948,41943
wave10hz,1783000205583060085,20971
wave10hz,1783000205683211353,41943
wave10hz,1783000205783331694,20971
wave10hz,1783000205883504232,41943
wave10hz,1783000205983644221,20971
wave10hz,1783000206083776044,41943
wave10hz,1783000206183894763,20971
wave10hz,1783000206284009525,41943
wave10hz,1783000206384169255,20971
wave10hz,1783000206484313059,41943
wave10hz,1783000206584503181,20971
wave10hz,1783000206684650794,41943
wave10hz,1783000206784784165,20971
wave10hz,1783000206884985184,41943
wave10hz,1783000206985206314,20971
wave10hz,1783000207085410768,41943
wave10hz,1783000207185568115,20971
wave10hz,1783000207285703005,41943
wave10hz,1783000207385884614,20971
wave10hz,1783000207486052261,41943
wave10hz,1783000207586208740,20971
wave10hz,1783000207686348735,41943
wave10hz,1783000207786474932,20971
wave10hz,1783000207886651739,41943
wave10hz,1783000207986803512,20971
wave10hz,1783000208087008673,41943
wave10hz,1783000208187180572,20971
wave10hz,1783000208287321878,41943
wave10hz,1783000208387521045,20971
wave10hz,1783000208487700271,41943
wave10hz,1783000208587851593,20971
wave10hz,1783000208687986020,41943
wave10hz,1783000208788120525,20971
wave10hz,1783000208888317681,41943
wave10hz,1783000208988470490,20971
wave10hz,1783000209088616168,41943
wave10hz,1783000209188790992,20971
wave10hz,1783000209289011816,41943
wave10hz,1783000209389189525,20971
wave10hz,1783000209489355277,41943
wave10hz,1783000209589565547,20971
wave10hz,1783000209689741878,41943
wave10hz,1783000209789970562,20971
wave10hz,1783000209890157040,41943
wave10hz,1783000209990381791,20971
wave10hz,1783000210090605355,41943
wave10hz,1783000210190774260,20971
wave10hz,1783000210290983757,41943
wave10hz,1783000210391203812,20971
wave10hz,1783000210491400735,41943
wave10hz,1783000210591608555,20971
wave10hz,1783000210691906791,41943
wave10hz,1783000210792078017,20971
wave10hz,1783000210892223335,41943
wave10hz,1783000210992352263,20971
wave10hz,1783000211092470876,41943
wave10hz,1783000211192635360,20971
wave10hz,1783000211292792535,41943
wave10hz,1783000211392967437,20971
wave10hz,1783000211493146914,41943
wave10hz,1783000211593261173,20971
wave10hz,1783000211693410336,41943
wave10hz,1783000211793536373,20971
wave10hz,1783000211893662071,41943
wave10hz,1783000211993781317,20971
wave10hz,1783000212093944256,41943
wave10hz,1783000212194088078,20971
wave10hz,1783000212294218251,41943
wave10hz,1783000212394350674,20971
wave10hz,1783000212494483251,41943
wave10hz,1783000212594604513,20971
wave10hz,1783000212694719623,41943
wave10hz,1783000212794841485,20971
wave10hz,1783000212894965188,41943
wave10hz,1783000212995084058,20971
wave10hz,1783000213095198965,41943
wave10hz,1783000213195318913,20971
wave10hz,1783000213295461488,41943
wave10hz,1783000213395611935,20971
wave10hz,1783000213495773999,41943
wave10hz,1783000213595920092,20971
wave10hz,1783000213696051528,41943
wave10hz,1783000213796228504,20971
wave10hz,1783000213896395885,41943
wave10hz,1783000213996535383,20971
wave10hz,1783000214096659483,41943
wave10hz,1783000214196794322,20971
wave10hz,1783000214296950073,41943
wave10hz,1783000214397096457,20971
wave10hz,1783000214497256547,41943
wave10hz,1783000214597444381,20971
wave10hz,1783000214697582986,41943
wave10hz,1783000214797707942,20971
wave10hz,1783000214897836862,41943
wave10hz,1783000214997955850,20971
wave10hz,1783000215098076301,41943
wave10hz,1783000215198219124,20971
wave10hz,1783000215298370228,41943
wave10hz,1783000215398517810,20971
wave10hz,1783000215498670235,41943
wave10hz,1783000215598803496,20971
wave10hz,1783000215698939164,41943
wave10hz,1783000215799064680,20971
wave10hz,1783000215899216947,41943
wave10hz,1783000215999349506,20971
wave10hz,1783000216099465842,41943
wave10hz,1783000216199593693,20971
wave10hz,1783000216299721822,41943
wave10hz,1783000216399868475,20971
wave10hz,1783000216500034918,41943
wave10hz,1783000216600239498,20971
wave10hz,1783000216700391095,41943
wave10hz,1783000216800565362,20971
wave10hz,1783000216900721035,41943
wave10hz,1783000217000849037,20971
wave10hz,1783000217101026546,41943
wave10hz,1783000217201183926,20971
wave10hz,1783000217301318438,41943
wave10hz,1783000217401455393,20971
wave10hz,1783000217501597087,41943
wave10hz,1783000217601733115,20971
maxrate,1783000217701868672,41943
maxrate,1783000217701876486,20971
maxrate,1783000217701879656,41943
maxrate,1783000217701882618,20971
maxrate,1783000217701885412,41943
maxrate,1783000217701888398,20971
maxrate,1783000217701891159,41943
maxrate,1783000217701894217,20971
maxrate,1783000217701918633,41943
maxrate,1783000217701921391,20971
maxrate,1783000217701924101,41943
maxrate,1783000217701927108,20971
maxrate,1783000217701930032,41943
maxrate,1783000217701932782,20971
maxrate,1783000217701935843,41943
maxrate,1783000217701938746,20971
maxrate,1783000217701941453,41943
maxrate,1783000217701944154,20971
maxrate,1783000217701947030,41943
maxrate,1783000217701949780,20971
maxrate,1783000217701957945,41943
maxrate,1783000217701960955,20971
maxrate,1783000217701963844,41943
maxrate,1783000217701966562,20971
maxrate,1783000217701969236,41943
maxrate,1783000217701972118,20971
maxrate,1783000217701974828,41943
maxrate,1783000217702010489,20971
maxrate,1783000217702014931,41943
maxrate,1783000217702017850,20971
maxrate,1783000217702020805,41943
maxrate,1783000217702023818,20971
maxrate,1783000217702026515,41943
maxrate,1783000217702029289,20971
maxrate,1783000217702031965,41943
maxrate,1783000217702034960,20971
maxrate,1783000217702037815,41943
maxrate,1783000217702040743,20971
maxrate,1783000217702043453,41943
maxrate,1783000217702046674,20971
maxrate,1783000217702049387,41943
maxrate,1783000217702052112,20971
maxrate,1783000217702054843,41943
maxrate,1783000217702058964,20971
maxrate,1783000217702061665,41943
maxrate,1783000217702064374,20971
maxrate,1783000217702067339,41943
maxrate,1783000217702070984,20971
maxrate,1783000217702073682,41943
maxrate,1783000217702076370,20971
maxrate,1783000217702079295,41943
maxrate,1783000217702082163,20971
maxrate,1783000217702084845,41943
maxrate,1783000217702088763,20971
maxrate,1783000217702091549,41943
maxrate,1783000217702094289,20971
maxrate,1783000217702097002,41943
maxrate,1783000217702099693,20971
maxrate,1783000217702102361,41943
maxrate,1783000217702105576,20971
maxrate,1783000217702108247,41943
maxrate,1783000217702110932,20971
maxrate,1783000217702113685,41943
maxrate,1783000217702116549,20971
maxrate,1783000217702119213,41943
maxrate,1783000217702123688,20971
maxrate,1783000217702126489,41943
maxrate,1783000217702129384,20971
maxrate,1783000217702132090,41943
maxrate,1783000217702134815,20971
maxrate,1783000217702137519,41943
maxrate,1783000217702140223,20971
maxrate,1783000217702142951,41943
maxrate,1783000217702145770,20971
maxrate,1783000217702148495,41943
maxrate,1783000217702151159,20971
maxrate,1783000217702153842,41943
maxrate,1783000217702156718,20971
maxrate,1783000217702159437,41943
maxrate,1783000217702162114,20971
maxrate,1783000217702164821,41943
maxrate,1783000217702168617,20971
maxrate,1783000217702171412,41943
maxrate,1783000217702174146,20971
maxrate,1783000217702176868,41943
maxrate,1783000217702179599,20971
maxrate,1783000217702182315,41943
maxrate,1783000217702185213,20971
maxrate,1783000217702187929,41943
maxrate,1783000217702190829,20971
maxrate,1783000217702193560,41943
maxrate,1783000217702196779,20971
maxrate,1783000217702199492,41943
maxrate,1783000217702202210,20971
maxrate,1783000217702204954,41943
maxrate,1783000217702207697,20971
maxrate,1783000217702210385,41943
maxrate,1783000217702213298,20971
maxrate,1783000217702215966,41943
maxrate,1783000217702218697,20971
maxrate,1783000217702221364,41943
maxrate,1783000217702224171,20971
maxrate,1783000217702226850,41943
maxrate,1783000217702229730,20971
maxrate,1783000217702232455,41943
maxrate,1783000217702235165,20971
maxrate,1783000217702237829,41943
maxrate,1783000217702240696,20971
maxrate,1783000217702243409,41943
maxrate,1783000217702246122,20971
maxrate,1783000217702248817,41943
maxrate,1783000217702251512,20971
maxrate,1783000217702254197,41943
maxrate,1783000217702257189,20971
maxrate,1783000217702266457,41943
maxrate,1783000217702269433,20971
maxrate,1783000217702272088,41943
maxrate,1783000217702275001,20971
maxrate,1783000217702277678,41943
maxrate,1783000217702280384,20971
maxrate,1783000217702283073,41943
maxrate,1783000217702285986,20971
maxrate,1783000217702288693,41943
maxrate,1783000217702291424,20971
maxrate,1783000217702294173,41943
maxrate,1783000217702296877,20971
maxrate,1783000217702299556,41943
maxrate,1783000217702302684,20971
maxrate,1783000217702305394,41943
maxrate,1783000217702308279,20971
maxrate,1783000217702310941,41943
maxrate,1783000217702313672,20971
maxrate,1783000217702316357,41943
maxrate,1783000217702319261,20971
maxrate,1783000217702321913,41943
maxrate,1783000217702324620,20971
maxrate,1783000217702327306,41943
maxrate,1783000217702330003,20971
maxrate,1783000217702332674,41943
maxrate,1783000217702335596,20971
maxrate,1783000217702338251,41943
maxrate,1783000217702341173,20971
maxrate,1783000217702343858,41943
maxrate,1783000217702347301,20971
maxrate,1783000217702349975,41943
maxrate,1783000217702352672,20971
maxrate,1783000217702355340,41943
maxrate,1783000217702358246,20971
maxrate,1783000217702360917,41943
maxrate,1783000217702363618,20971
maxrate,1783000217702366297,41943
maxrate,1783000217702369174,20971
maxrate,1783000217702371880,41943
maxrate,1783000217702374615,20971
maxrate,1783000217702377303,41943
maxrate,1783000217702380001,20971
maxrate,1783000217702382674,41943
maxrate,1783000217702388024,20971
maxrate,1783000217702390743,41943
maxrate,1783000217702393441,20971
maxrate,1783000217702396130,41943
maxrate,1783000217702399152,20971
maxrate,1783000217702401831,41943
maxrate,1783000217702404732,20971
maxrate,1783000217702407420,41943
maxrate,1783000217702410145,20971
maxrate,1783000217702412837,41943
maxrate,1783000217702415529,20971
maxrate,1783000217702418351,41943
maxrate,1783000217702421130,20971
maxrate,1783000217702423810,41943
maxrate,1783000217702426498,20971
maxrate,1783000217702429357,41943
maxrate,1783000217702432045,20971
maxrate,1783000217702434758,41943
maxrate,1783000217702437759,20971
maxrate,1783000217702440441,41943
maxrate,1783000217702443145,20971
maxrate,1783000217702445825,41943
maxrate,1783000217702448677,20971
maxrate,1783000217702451347,41943
maxrate,1783000217702454193,20971
maxrate,1783000217702456891,41943
maxrate,1783000217702459574,20971
maxrate,1783000217702462259,41943
maxrate,1783000217702465139,20971
maxrate,1783000217702467861,41943
maxrate,1783000217702470779,20971
maxrate,1783000217702473513,41943
maxrate,1783000217702476205,20971
maxrate,1783000217702478948,41943
maxrate,1783000217702481646,20971
maxrate,1783000217702484329,41943
maxrate,1783000217702487014,20971
maxrate,1783000217702489709,41943
maxrate,1783000217702492398,20971
maxrate,1783000217702495077,41943
maxrate,1783000217702497851,20971
maxrate,1783000217702500542,41943
maxrate,1783000217702503243,20971
park,1783000217702506725,41943
