config,arm,run,cls,vf,flow,gbps,tcp_retrans
band03-12,gbn,1,rdma,0,0,0.021,
band03-12,gbn,1,rdma,0,1,0.021,
band03-12,gbn,1,rdma,0,2,0.021,
band03-12,gbn,1,rdma,0,3,0.01,
band03-12,gbn,1,tcp,0,0,5.935,9084
band03-12,gbn,1,tcp,0,1,5.614,9177
band03-12,gbn,1,tcp,0,2,5.987,6328
band03-12,gbn,1,tcp,0,3,6.699,10282
band03-12,gbn,1,rdma,1,0,0.017,
band03-12,gbn,1,rdma,1,1,0.017,
band03-12,gbn,1,rdma,1,2,0.017,
band03-12,gbn,1,rdma,1,3,0.017,
band03-12,gbn,1,tcp,1,0,5.338,4527
band03-12,gbn,1,tcp,1,1,4.865,4184
band03-12,gbn,1,tcp,1,2,5.963,5440
band03-12,gbn,1,tcp,1,3,6.192,5700
band03-12,gbn,1,rdma,2,0,0.022,
band03-12,gbn,1,rdma,2,1,0.022,
band03-12,gbn,1,rdma,2,2,0.008,
band03-12,gbn,1,rdma,2,3,0.022,
band03-12,gbn,1,tcp,2,0,7.187,5485
band03-12,gbn,1,tcp,2,1,5.909,3934
band03-12,gbn,1,tcp,2,2,7.048,7529
band03-12,gbn,1,tcp,2,3,5.894,9894
band03-12,gbn,1,rdma,3,0,0.018,
band03-12,gbn,1,rdma,3,1,0.018,
band03-12,gbn,1,rdma,3,2,0.018,
band03-12,gbn,1,rdma,3,3,0.018,
band03-12,gbn,1,tcp,3,0,4.118,4926
band03-12,gbn,1,tcp,3,1,4.301,5075
band03-12,gbn,1,tcp,3,2,6.096,6303
band03-12,gbn,1,tcp,3,3,6.464,5425
band03-12,gbn,2,rdma,0,0,0.016,
band03-12,gbn,2,rdma,0,1,0.016,
band03-12,gbn,2,rdma,0,2,0.016,
band03-12,gbn,2,rdma,0,3,0.017,
band03-12,gbn,2,tcp,0,0,4.769,5599
band03-12,gbn,2,tcp,0,1,5.436,7414
band03-12,gbn,2,tcp,0,2,6.981,7275
band03-12,gbn,2,tcp,0,3,4.445,4565
band03-12,gbn,2,rdma,1,0,0.019,
band03-12,gbn,2,rdma,1,1,0.019,
band03-12,gbn,2,rdma,1,2,0.019,
band03-12,gbn,2,rdma,1,3,0.019,
band03-12,gbn,2,tcp,1,0,6.775,4936
band03-12,gbn,2,tcp,1,1,6.357,4390
band03-12,gbn,2,tcp,1,2,5.526,2509
band03-12,gbn,2,tcp,1,3,5.165,3693
band03-12,gbn,2,rdma,2,0,0.017,
band03-12,gbn,2,rdma,2,1,0.017,
band03-12,gbn,2,rdma,2,2,0.017,
band03-12,gbn,2,rdma,2,3,0.017,
band03-12,gbn,2,tcp,2,0,5.986,4145
band03-12,gbn,2,tcp,2,1,5.637,5357
band03-12,gbn,2,tcp,2,2,5.093,5128
band03-12,gbn,2,tcp,2,3,7.17,6921
band03-12,gbn,2,rdma,3,0,0.019,
band03-12,gbn,2,rdma,3,1,0.019,
band03-12,gbn,2,rdma,3,2,0.019,
band03-12,gbn,2,rdma,3,3,0.019,
band03-12,gbn,2,tcp,3,0,5.933,6253
band03-12,gbn,2,tcp,3,1,6.4,5184
band03-12,gbn,2,tcp,3,2,5.793,5005
band03-12,gbn,2,tcp,3,3,5.87,4819
band03-12,gbn,3,rdma,0,0,0.016,
band03-12,gbn,3,rdma,0,1,0.016,
band03-12,gbn,3,rdma,0,2,0.016,
band03-12,gbn,3,rdma,0,3,0.016,
band03-12,gbn,3,tcp,0,0,5.846,6355
band03-12,gbn,3,tcp,0,1,5.109,4603
band03-12,gbn,3,tcp,0,2,5.043,5135
band03-12,gbn,3,tcp,0,3,6.891,4865
band03-12,gbn,3,rdma,1,0,0.016,
band03-12,gbn,3,rdma,1,1,0.016,
band03-12,gbn,3,rdma,1,2,0.016,
band03-12,gbn,3,rdma,1,3,0.016,
band03-12,gbn,3,tcp,1,0,5.992,5797
band03-12,gbn,3,tcp,1,1,6.949,7275
band03-12,gbn,3,tcp,1,2,5.896,4689
band03-12,gbn,3,tcp,1,3,6.221,5903
band03-12,gbn,3,rdma,2,0,0.016,
band03-12,gbn,3,rdma,2,1,0.016,
band03-12,gbn,3,rdma,2,2,0.016,
band03-12,gbn,3,rdma,2,3,0.016,
band03-12,gbn,3,tcp,2,0,5.928,4176
band03-12,gbn,3,tcp,2,1,5.159,5005
band03-12,gbn,3,tcp,2,2,6.626,5446
band03-12,gbn,3,tcp,2,3,5.416,4519
band03-12,gbn,3,rdma,3,0,0.019,
band03-12,gbn,3,rdma,3,1,0.019,
band03-12,gbn,3,rdma,3,2,0.019,
band03-12,gbn,3,rdma,3,3,0.019,
band03-12,gbn,3,tcp,3,0,6.231,6112
band03-12,gbn,3,tcp,3,1,6.331,4711
band03-12,gbn,3,tcp,3,2,6.119,6706
band03-12,gbn,3,tcp,3,3,4.109,2763
band03-12,sr,1,rdma,0,0,0.017,
band03-12,sr,1,rdma,0,1,0.017,
band03-12,sr,1,rdma,0,2,0.017,
band03-12,sr,1,rdma,0,3,0.017,
band03-12,sr,1,tcp,0,0,5.832,5317
band03-12,sr,1,tcp,0,1,4.199,4829
band03-12,sr,1,tcp,0,2,5.994,5537
band03-12,sr,1,tcp,0,3,3.904,4518
band03-12,sr,1,rdma,1,0,0.017,
band03-12,sr,1,rdma,1,1,0.017,
band03-12,sr,1,rdma,1,2,0.017,
band03-12,sr,1,rdma,1,3,0.017,
band03-12,sr,1,tcp,1,0,6.773,3025
band03-12,sr,1,tcp,1,1,5.824,6748
band03-12,sr,1,tcp,1,2,6.933,3890
band03-12,sr,1,tcp,1,3,5.734,4540
band03-12,sr,1,rdma,2,0,0.017,
band03-12,sr,1,rdma,2,1,0.017,
band03-12,sr,1,rdma,2,2,0.017,
band03-12,sr,1,rdma,2,3,0.017,
band03-12,sr,1,tcp,2,0,6.758,4764
band03-12,sr,1,tcp,2,1,5.361,4190
band03-12,sr,1,tcp,2,2,5.568,5254
band03-12,sr,1,tcp,2,3,5.68,6417
band03-12,sr,1,rdma,3,0,0.019,
band03-12,sr,1,rdma,3,1,0.019,
band03-12,sr,1,rdma,3,2,0.019,
band03-12,sr,1,rdma,3,3,0.019,
band03-12,sr,1,tcp,3,0,7.121,4937
band03-12,sr,1,tcp,3,1,6.087,5663
band03-12,sr,1,tcp,3,2,5.76,7479
band03-12,sr,1,tcp,3,3,6.398,4535
band03-12,sr,2,rdma,0,0,0.019,
band03-12,sr,2,rdma,0,1,0.019,
band03-12,sr,2,rdma,0,2,0.019,
band03-12,sr,2,rdma,0,3,0.019,
band03-12,sr,2,tcp,0,0,4.541,9895
band03-12,sr,2,tcp,0,1,4.179,9004
band03-12,sr,2,tcp,0,2,4.456,9742
band03-12,sr,2,tcp,0,3,4.535,9760
band03-12,sr,2,rdma,1,0,0.019,
band03-12,sr,2,rdma,1,1,0.019,
band03-12,sr,2,rdma,1,2,0.019,
band03-12,sr,2,rdma,1,3,0.019,
band03-12,sr,2,tcp,1,0,6.879,6209
band03-12,sr,2,tcp,1,1,7.807,10564
band03-12,sr,2,tcp,1,2,6.451,4774
band03-12,sr,2,tcp,1,3,6.013,5084
band03-12,sr,2,rdma,2,0,0.019,
band03-12,sr,2,rdma,2,1,0.019,
band03-12,sr,2,rdma,2,2,0.019,
band03-12,sr,2,rdma,2,3,0.019,
band03-12,sr,2,tcp,2,0,6.612,4387
band03-12,sr,2,tcp,2,1,6.31,7893
band03-12,sr,2,tcp,2,2,6.7,9793
band03-12,sr,2,tcp,2,3,6.216,8509
band03-12,sr,2,rdma,3,0,0.019,
band03-12,sr,2,rdma,3,1,0.019,
band03-12,sr,2,rdma,3,2,0.019,
band03-12,sr,2,rdma,3,3,0.019,
band03-12,sr,2,tcp,3,0,7.042,5357
band03-12,sr,2,tcp,3,1,4.66,13430
band03-12,sr,2,tcp,3,2,6.827,11451
band03-12,sr,2,tcp,3,3,4.635,12939
band03-12,sr,3,rdma,0,0,0.017,
band03-12,sr,3,rdma,0,1,0.017,
band03-12,sr,3,rdma,0,2,0.017,
band03-12,sr,3,rdma,0,3,0.017,
band03-12,sr,3,tcp,0,0,6.747,4461
band03-12,sr,3,tcp,0,1,5.719,3595
band03-12,sr,3,tcp,0,2,5.417,5357
band03-12,sr,3,tcp,0,3,5.295,4262
band03-12,sr,3,rdma,1,0,0.016,
band03-12,sr,3,rdma,1,1,0.016,
band03-12,sr,3,rdma,1,2,0.016,
band03-12,sr,3,rdma,1,3,0.016,
band03-12,sr,3,tcp,1,0,4.809,3100
band03-12,sr,3,tcp,1,1,4.055,2739
band03-12,sr,3,tcp,1,2,5.963,5943
band03-12,sr,3,tcp,1,3,7.12,3397
band03-12,sr,3,rdma,2,0,0.016,
band03-12,sr,3,rdma,2,1,0.016,
band03-12,sr,3,rdma,2,2,0.016,
band03-12,sr,3,rdma,2,3,0.016,
band03-12,sr,3,tcp,2,0,5.989,4754
band03-12,sr,3,tcp,2,1,6.397,7471
band03-12,sr,3,tcp,2,2,6.236,3881
band03-12,sr,3,tcp,2,3,5.882,5177
band03-12,sr,3,rdma,3,0,0.016,
band03-12,sr,3,rdma,3,1,0.016,
band03-12,sr,3,rdma,3,2,0.016,
band03-12,sr,3,rdma,3,3,0.016,
band03-12,sr,3,tcp,3,0,6.324,2496
band03-12,sr,3,tcp,3,1,5.52,5519
band03-12,sr,3,tcp,3,2,6.518,3699
band03-12,sr,3,tcp,3,3,5.85,4763
band25-47,gbn,1,rdma,0,0,0.021,
band25-47,gbn,1,rdma,0,1,0.021,
band25-47,gbn,1,rdma,0,2,0.021,
band25-47,gbn,1,rdma,0,3,0.021,
band25-47,gbn,1,tcp,0,0,6.628,5923
band25-47,gbn,1,tcp,0,1,5.892,3486
band25-47,gbn,1,tcp,0,2,6.304,4085
band25-47,gbn,1,tcp,0,3,5.712,3618
band25-47,gbn,1,rdma,1,0,0.02,
band25-47,gbn,1,rdma,1,1,0.02,
band25-47,gbn,1,rdma,1,2,0.02,
band25-47,gbn,1,rdma,1,3,0.02,
band25-47,gbn,1,tcp,1,0,6.1,5515
band25-47,gbn,1,tcp,1,1,5.371,4159
band25-47,gbn,1,tcp,1,2,5.928,4506
band25-47,gbn,1,tcp,1,3,6.732,5518
band25-47,gbn,1,rdma,2,0,0.02,
band25-47,gbn,1,rdma,2,1,0.02,
band25-47,gbn,1,rdma,2,2,0.02,
band25-47,gbn,1,rdma,2,3,0.02,
band25-47,gbn,1,tcp,2,0,5.919,4593
band25-47,gbn,1,tcp,2,1,6.095,5866
band25-47,gbn,1,tcp,2,2,5.437,4152
band25-47,gbn,1,tcp,2,3,6.092,4432
band25-47,gbn,1,rdma,3,0,0.019,
band25-47,gbn,1,rdma,3,1,0.019,
band25-47,gbn,1,rdma,3,2,0.019,
band25-47,gbn,1,rdma,3,3,0.019,
band25-47,gbn,1,tcp,3,0,5.758,4615
band25-47,gbn,1,tcp,3,1,6.461,4320
band25-47,gbn,1,tcp,3,2,5.346,4355
band25-47,gbn,1,tcp,3,3,4.066,3204
band25-47,gbn,2,rdma,0,0,0.017,
band25-47,gbn,2,rdma,0,1,0.017,
band25-47,gbn,2,rdma,0,2,0.018,
band25-47,gbn,2,rdma,0,3,0.017,
band25-47,gbn,2,tcp,0,0,5.506,4728
band25-47,gbn,2,tcp,0,1,4.726,4479
band25-47,gbn,2,tcp,0,2,4.693,9293
band25-47,gbn,2,tcp,0,3,4.273,9685
band25-47,gbn,2,rdma,1,0,0.017,
band25-47,gbn,2,rdma,1,1,0.017,
band25-47,gbn,2,rdma,1,2,0.017,
band25-47,gbn,2,rdma,1,3,0.017,
band25-47,gbn,2,tcp,1,0,7.1,5939
band25-47,gbn,2,tcp,1,1,7.095,8816
band25-47,gbn,2,tcp,1,2,4.731,9207
band25-47,gbn,2,tcp,1,3,4.648,9972
band25-47,gbn,2,rdma,2,0,0.017,
band25-47,gbn,2,rdma,2,1,0.017,
band25-47,gbn,2,rdma,2,2,0.018,
band25-47,gbn,2,rdma,2,3,0.017,
band25-47,gbn,2,tcp,2,0,5.106,4296
band25-47,gbn,2,tcp,2,1,5.817,3847
band25-47,gbn,2,tcp,2,2,6.867,6580
band25-47,gbn,2,tcp,2,3,7.395,6663
band25-47,gbn,2,rdma,3,0,0.018,
band25-47,gbn,2,rdma,3,1,0.017,
band25-47,gbn,2,rdma,3,2,0.017,
band25-47,gbn,2,rdma,3,3,0.017,
band25-47,gbn,2,tcp,3,0,6.069,9353
band25-47,gbn,2,tcp,3,1,6.686,5264
band25-47,gbn,2,tcp,3,2,6.054,5759
band25-47,gbn,2,tcp,3,3,6.671,6950
band25-47,gbn,3,rdma,0,0,0.017,
band25-47,gbn,3,rdma,0,1,0.017,
band25-47,gbn,3,rdma,0,2,0.017,
band25-47,gbn,3,rdma,0,3,0.017,
band25-47,gbn,3,tcp,0,0,4.742,10671
band25-47,gbn,3,tcp,0,1,4.386,10307
band25-47,gbn,3,tcp,0,2,6.444,5241
band25-47,gbn,3,tcp,0,3,6.567,7161
band25-47,gbn,3,rdma,1,0,0.017,
band25-47,gbn,3,rdma,1,1,0.017,
band25-47,gbn,3,rdma,1,2,0.017,
band25-47,gbn,3,rdma,1,3,0.017,
band25-47,gbn,3,tcp,1,0,5.954,5202
band25-47,gbn,3,tcp,1,1,6.091,5430
band25-47,gbn,3,tcp,1,2,5.512,9017
band25-47,gbn,3,tcp,1,3,6.081,3106
band25-47,gbn,3,rdma,2,0,0.017,
band25-47,gbn,3,rdma,2,1,0.017,
band25-47,gbn,3,rdma,2,2,0.017,
band25-47,gbn,3,rdma,2,3,0.017,
band25-47,gbn,3,tcp,2,0,5.515,8078
band25-47,gbn,3,tcp,2,1,6.764,6720
band25-47,gbn,3,tcp,2,2,6.049,5080
band25-47,gbn,3,tcp,2,3,6.298,6312
band25-47,gbn,3,rdma,3,0,0.017,
band25-47,gbn,3,rdma,3,1,0.017,
band25-47,gbn,3,rdma,3,2,0.017,
band25-47,gbn,3,rdma,3,3,0.017,
band25-47,gbn,3,tcp,3,0,6.178,6479
band25-47,gbn,3,tcp,3,1,4.404,3214
band25-47,gbn,3,tcp,3,2,6.796,6755
band25-47,gbn,3,tcp,3,3,6.121,5918
band25-47,sr,1,rdma,0,0,0.031,
band25-47,sr,1,rdma,0,1,0.031,
band25-47,sr,1,rdma,0,2,0.031,
band25-47,sr,1,rdma,0,3,0.031,
band25-47,sr,1,tcp,0,0,8.612,5641
band25-47,sr,1,tcp,0,1,7.364,4535
band25-47,sr,1,tcp,0,2,4.646,10052
band25-47,sr,1,tcp,0,3,4.776,8907
band25-47,sr,1,rdma,1,0,0.031,
band25-47,sr,1,rdma,1,1,0.031,
band25-47,sr,1,rdma,1,2,0.031,
band25-47,sr,1,rdma,1,3,0.031,
band25-47,sr,1,tcp,1,0,6.063,5268
band25-47,sr,1,tcp,1,1,4.09,11414
band25-47,sr,1,tcp,1,2,4.541,12388
band25-47,sr,1,tcp,1,3,6.802,2883
band25-47,sr,1,rdma,2,0,0.031,
band25-47,sr,1,rdma,2,1,0.031,
band25-47,sr,1,rdma,2,2,0.031,
band25-47,sr,1,rdma,2,3,0.031,
band25-47,sr,1,tcp,2,0,6.508,7256
band25-47,sr,1,tcp,2,1,6.649,7804
band25-47,sr,1,tcp,2,2,7.041,5444
band25-47,sr,1,tcp,2,3,6.481,5164
band25-47,sr,1,rdma,3,0,0.031,
band25-47,sr,1,rdma,3,1,0.031,
band25-47,sr,1,rdma,3,2,0.031,
band25-47,sr,1,rdma,3,3,0.031,
band25-47,sr,1,tcp,3,0,4.466,2961
band25-47,sr,1,tcp,3,1,4.329,2935
band25-47,sr,1,tcp,3,2,5.897,8935
band25-47,sr,1,tcp,3,3,5.409,8961
band25-47,sr,2,rdma,0,0,0.043,
band25-47,sr,2,rdma,0,1,0.043,
band25-47,sr,2,rdma,0,2,0.043,
band25-47,sr,2,rdma,0,3,0.043,
band25-47,sr,2,tcp,0,0,4.376,9831
band25-47,sr,2,tcp,0,1,4.675,9489
band25-47,sr,2,tcp,0,2,7.053,6470
band25-47,sr,2,tcp,0,3,7.174,8475
band25-47,sr,2,rdma,1,0,0.043,
band25-47,sr,2,rdma,1,1,0.043,
band25-47,sr,2,rdma,1,2,0.043,
band25-47,sr,2,rdma,1,3,0.043,
band25-47,sr,2,tcp,1,0,6.826,7337
band25-47,sr,2,tcp,1,1,7.543,5966
band25-47,sr,2,tcp,1,2,6.887,6657
band25-47,sr,2,tcp,1,3,6.805,4635
band25-47,sr,2,rdma,2,0,0.042,
band25-47,sr,2,rdma,2,1,0.042,
band25-47,sr,2,rdma,2,2,0.042,
band25-47,sr,2,rdma,2,3,0.042,
band25-47,sr,2,tcp,2,0,6.334,7861
band25-47,sr,2,tcp,2,1,4.825,9815
band25-47,sr,2,tcp,2,2,6.411,6345
band25-47,sr,2,tcp,2,3,4.954,10803
band25-47,sr,2,rdma,3,0,0.043,
band25-47,sr,2,rdma,3,1,0.043,
band25-47,sr,2,rdma,3,2,0.043,
band25-47,sr,2,rdma,3,3,0.043,
band25-47,sr,2,tcp,3,0,6.531,12316
band25-47,sr,2,tcp,3,1,5.016,2742
band25-47,sr,2,tcp,3,2,4.445,10191
band25-47,sr,2,tcp,3,3,3.596,9242
band25-47,sr,3,rdma,0,0,0.016,
band25-47,sr,3,rdma,0,1,0.016,
band25-47,sr,3,rdma,0,2,0.016,
band25-47,sr,3,rdma,0,3,0.016,
band25-47,sr,3,tcp,0,0,6.865,7243
band25-47,sr,3,tcp,0,1,5.641,7126
band25-47,sr,3,tcp,0,2,6.833,8459
band25-47,sr,3,tcp,0,3,6.535,5241
band25-47,sr,3,rdma,1,0,0.016,
band25-47,sr,3,rdma,1,1,0.016,
band25-47,sr,3,rdma,1,2,0.016,
band25-47,sr,3,rdma,1,3,0.016,
band25-47,sr,3,tcp,1,0,6.532,9769
band25-47,sr,3,tcp,1,1,4.303,9510
band25-47,sr,3,tcp,1,2,5.486,7634
band25-47,sr,3,tcp,1,3,4.367,10302
band25-47,sr,3,rdma,2,0,0.016,
band25-47,sr,3,rdma,2,1,0.016,
band25-47,sr,3,rdma,2,2,0.016,
band25-47,sr,3,rdma,2,3,0.016,
band25-47,sr,3,tcp,2,0,5.226,6366
band25-47,sr,3,tcp,2,1,6.389,3915
band25-47,sr,3,tcp,2,2,7.829,6212
band25-47,sr,3,tcp,2,3,6.41,4499
band25-47,sr,3,rdma,3,0,0.016,
band25-47,sr,3,rdma,3,1,0.016,
band25-47,sr,3,rdma,3,2,0.016,
band25-47,sr,3,rdma,3,3,0.016,
band25-47,sr,3,tcp,3,0,3.97,14333
band25-47,sr,3,tcp,3,1,4.049,13424
band25-47,sr,3,tcp,3,2,6.664,6733
band25-47,sr,3,tcp,3,3,6.77,6544
band47-96,gbn,1,rdma,0,0,0.028,
band47-96,gbn,1,rdma,0,1,0.029,
band47-96,gbn,1,rdma,0,2,0.028,
band47-96,gbn,1,rdma,0,3,0.031,
band47-96,gbn,1,tcp,0,0,2.67,7787
band47-96,gbn,1,tcp,0,1,2.793,7632
band47-96,gbn,1,tcp,0,2,2.653,7204
band47-96,gbn,1,tcp,0,3,6.384,3280
band47-96,gbn,1,rdma,1,0,0.077,
band47-96,gbn,1,rdma,1,1,0.077,
band47-96,gbn,1,rdma,1,2,0.077,
band47-96,gbn,1,rdma,1,3,0.077,
band47-96,gbn,1,tcp,1,0,5.772,7297
band47-96,gbn,1,tcp,1,1,6.755,6827
band47-96,gbn,1,tcp,1,2,5.741,7361
band47-96,gbn,1,tcp,1,3,6.396,5597
band47-96,gbn,1,rdma,2,0,0.078,
band47-96,gbn,1,rdma,2,1,0.078,
band47-96,gbn,1,rdma,2,2,0.078,
band47-96,gbn,1,rdma,2,3,0.078,
band47-96,gbn,1,tcp,2,0,5.283,8723
band47-96,gbn,1,tcp,2,1,4.786,4483
band47-96,gbn,1,tcp,2,2,5.679,6302
band47-96,gbn,1,tcp,2,3,4.8,3773
band47-96,gbn,1,rdma,3,0,0.077,
band47-96,gbn,1,rdma,3,1,0.077,
band47-96,gbn,1,rdma,3,2,0.077,
band47-96,gbn,1,rdma,3,3,0.077,
band47-96,gbn,1,tcp,3,0,6.684,7201
band47-96,gbn,1,tcp,3,1,5.751,7702
band47-96,gbn,1,tcp,3,2,6.373,6031
band47-96,gbn,1,tcp,3,3,5.396,6073
band47-96,gbn,2,rdma,0,0,0.064,
band47-96,gbn,2,rdma,0,1,0.064,
band47-96,gbn,2,rdma,0,2,0.019,
band47-96,gbn,2,rdma,0,3,0.064,
band47-96,gbn,2,tcp,0,0,6.158,5627
band47-96,gbn,2,tcp,0,1,6.468,4559
band47-96,gbn,2,tcp,0,2,6.481,7911
band47-96,gbn,2,tcp,0,3,5.457,3574
band47-96,gbn,2,rdma,1,0,0.061,
band47-96,gbn,2,rdma,1,1,0.061,
band47-96,gbn,2,rdma,1,2,0.061,
band47-96,gbn,2,rdma,1,3,0.061,
band47-96,gbn,2,tcp,1,0,7.048,10175
band47-96,gbn,2,tcp,1,1,5.529,7033
band47-96,gbn,2,tcp,1,2,5.889,5934
band47-96,gbn,2,tcp,1,3,6.181,8400
band47-96,gbn,2,rdma,2,0,0.061,
band47-96,gbn,2,rdma,2,1,0.061,
band47-96,gbn,2,rdma,2,2,0.061,
band47-96,gbn,2,rdma,2,3,0.061,
band47-96,gbn,2,tcp,2,0,6.504,5997
band47-96,gbn,2,tcp,2,1,5.949,7291
band47-96,gbn,2,tcp,2,2,6.008,8468
band47-96,gbn,2,tcp,2,3,6.092,4553
band47-96,gbn,2,rdma,3,0,0.061,
band47-96,gbn,2,rdma,3,1,0.061,
band47-96,gbn,2,rdma,3,2,0.061,
band47-96,gbn,2,rdma,3,3,0.061,
band47-96,gbn,2,tcp,3,0,3.315,5944
band47-96,gbn,2,tcp,3,1,6.626,8435
band47-96,gbn,2,tcp,3,2,3.357,6063
band47-96,gbn,2,tcp,3,3,3.647,6467
band47-96,gbn,3,rdma,0,0,0.057,
band47-96,gbn,3,rdma,0,1,0.057,
band47-96,gbn,3,rdma,0,2,0.057,
band47-96,gbn,3,rdma,0,3,0.057,
band47-96,gbn,3,tcp,0,0,6.646,5677
band47-96,gbn,3,tcp,0,1,6.235,8241
band47-96,gbn,3,tcp,0,2,4.91,4190
band47-96,gbn,3,tcp,0,3,6.154,6682
band47-96,gbn,3,rdma,1,0,0.057,
band47-96,gbn,3,rdma,1,1,0.057,
band47-96,gbn,3,rdma,1,2,0.057,
band47-96,gbn,3,rdma,1,3,0.057,
band47-96,gbn,3,tcp,1,0,5.546,6830
band47-96,gbn,3,tcp,1,1,5.683,7820
band47-96,gbn,3,tcp,1,2,6.16,6631
band47-96,gbn,3,tcp,1,3,6.155,9116
band47-96,gbn,3,rdma,2,0,0.056,
band47-96,gbn,3,rdma,2,1,0.056,
band47-96,gbn,3,rdma,2,2,0.056,
band47-96,gbn,3,rdma,2,3,0.056,
band47-96,gbn,3,tcp,2,0,7.496,10027
band47-96,gbn,3,tcp,2,1,6.048,6900
band47-96,gbn,3,tcp,2,2,6.86,9123
band47-96,gbn,3,tcp,2,3,5.811,6032
band47-96,gbn,3,rdma,3,0,0.057,
band47-96,gbn,3,rdma,3,1,0.057,
band47-96,gbn,3,rdma,3,2,0.057,
band47-96,gbn,3,rdma,3,3,0.057,
band47-96,gbn,3,tcp,3,0,4.801,4034
band47-96,gbn,3,tcp,3,1,4.315,5132
band47-96,gbn,3,tcp,3,2,5.065,4991
band47-96,gbn,3,tcp,3,3,4.776,4438
band47-96,sr,1,rdma,0,0,0.046,
band47-96,sr,1,rdma,0,1,0.046,
band47-96,sr,1,rdma,0,2,0.046,
band47-96,sr,1,rdma,0,3,0.046,
band47-96,sr,1,tcp,0,0,4.937,3284
band47-96,sr,1,tcp,0,1,5.84,5891
band47-96,sr,1,tcp,0,2,6.408,3577
band47-96,sr,1,tcp,0,3,6.888,3133
band47-96,sr,1,rdma,1,0,0.046,
band47-96,sr,1,rdma,1,1,0.046,
band47-96,sr,1,rdma,1,2,0.046,
band47-96,sr,1,rdma,1,3,0.046,
band47-96,sr,1,tcp,1,0,6.661,2220
band47-96,sr,1,tcp,1,1,5.229,3284
band47-96,sr,1,tcp,1,2,4.498,2272
band47-96,sr,1,tcp,1,3,7.104,3556
band47-96,sr,1,rdma,2,0,0.046,
band47-96,sr,1,rdma,2,1,0.046,
band47-96,sr,1,rdma,2,2,0.046,
band47-96,sr,1,rdma,2,3,0.046,
band47-96,sr,1,tcp,2,0,5.42,4813
band47-96,sr,1,tcp,2,1,5.691,6023
band47-96,sr,1,tcp,2,2,6.156,3863
band47-96,sr,1,tcp,2,3,6.267,5605
band47-96,sr,1,rdma,3,0,0.046,
band47-96,sr,1,rdma,3,1,0.046,
band47-96,sr,1,rdma,3,2,0.046,
band47-96,sr,1,rdma,3,3,0.046,
band47-96,sr,1,tcp,3,0,5.849,1901
band47-96,sr,1,tcp,3,1,5.953,7102
band47-96,sr,1,tcp,3,2,3.656,2355
band47-96,sr,1,tcp,3,3,6.76,3590
band47-96,sr,2,rdma,0,0,0.054,
band47-96,sr,2,rdma,0,1,0.054,
band47-96,sr,2,rdma,0,2,0.054,
band47-96,sr,2,rdma,0,3,0.054,
band47-96,sr,2,tcp,0,0,6.338,5742
band47-96,sr,2,tcp,0,1,5.331,5364
band47-96,sr,2,tcp,0,2,5.81,3545
band47-96,sr,2,tcp,0,3,5.339,2970
band47-96,sr,2,rdma,1,0,0.053,
band47-96,sr,2,rdma,1,1,0.053,
band47-96,sr,2,rdma,1,2,0.053,
band47-96,sr,2,rdma,1,3,0.053,
band47-96,sr,2,tcp,1,0,5.794,3453
band47-96,sr,2,tcp,1,1,6.221,2779
band47-96,sr,2,tcp,1,2,6.273,5367
band47-96,sr,2,tcp,1,3,6.131,6363
band47-96,sr,2,rdma,2,0,0.053,
band47-96,sr,2,rdma,2,1,0.053,
band47-96,sr,2,rdma,2,2,0.053,
band47-96,sr,2,rdma,2,3,0.053,
band47-96,sr,2,tcp,2,0,5.998,8575
band47-96,sr,2,tcp,2,1,6.378,4805
band47-96,sr,2,tcp,2,2,7.399,6511
band47-96,sr,2,tcp,2,3,5.868,5283
band47-96,sr,2,rdma,3,0,0.053,
band47-96,sr,2,rdma,3,1,0.053,
band47-96,sr,2,rdma,3,2,0.053,
band47-96,sr,2,rdma,3,3,0.053,
band47-96,sr,2,tcp,3,0,4.057,4791
band47-96,sr,2,tcp,3,1,3.864,4990
band47-96,sr,2,tcp,3,2,6.324,4219
band47-96,sr,2,tcp,3,3,6.17,5043
band47-96,sr,3,rdma,0,0,0.13,
band47-96,sr,3,rdma,0,1,0.13,
band47-96,sr,3,rdma,0,2,0.13,
band47-96,sr,3,rdma,0,3,0.13,
band47-96,sr,3,tcp,0,0,4.161,10001
band47-96,sr,3,tcp,0,1,4.184,10105
band47-96,sr,3,tcp,0,2,5.976,4827
band47-96,sr,3,tcp,0,3,6.59,5692
band47-96,sr,3,rdma,1,0,0.13,
band47-96,sr,3,rdma,1,1,0.13,
band47-96,sr,3,rdma,1,2,0.13,
band47-96,sr,3,rdma,1,3,0.13,
band47-96,sr,3,tcp,1,0,4.563,9197
band47-96,sr,3,tcp,1,1,4.772,9017
band47-96,sr,3,tcp,1,2,6.461,4436
band47-96,sr,3,tcp,1,3,7.602,4283
band47-96,sr,3,rdma,2,0,0.13,
band47-96,sr,3,rdma,2,1,0.13,
band47-96,sr,3,rdma,2,2,0.13,
band47-96,sr,3,rdma,2,3,0.13,
band47-96,sr,3,tcp,2,0,5.539,5700
band47-96,sr,3,tcp,2,1,6.228,5964
band47-96,sr,3,tcp,2,2,6.683,8643
band47-96,sr,3,tcp,2,3,6.067,6417
band47-96,sr,3,rdma,3,0,0.13,
band47-96,sr,3,rdma,3,1,0.13,
band47-96,sr,3,rdma,3,2,0.13,
band47-96,sr,3,rdma,3,3,0.13,
band47-96,sr,3,tcp,3,0,9.091,4142
band47-96,sr,3,tcp,3,1,4.231,9013
band47-96,sr,3,tcp,3,2,3.707,9017
band47-96,sr,3,tcp,3,3,6.199,6306
band71-120,gbn,1,rdma,0,0,0.13,
band71-120,gbn,1,rdma,0,1,0.13,
band71-120,gbn,1,rdma,0,2,0.13,
band71-120,gbn,1,rdma,0,3,0.05,
band71-120,gbn,1,tcp,0,0,5.889,5096
band71-120,gbn,1,tcp,0,1,6.21,4780
band71-120,gbn,1,tcp,0,2,6.04,5022
band71-120,gbn,1,tcp,0,3,6.361,3689
band71-120,gbn,1,rdma,1,0,0.14,
band71-120,gbn,1,rdma,1,1,0.14,
band71-120,gbn,1,rdma,1,2,0.14,
band71-120,gbn,1,rdma,1,3,0.14,
band71-120,gbn,1,tcp,1,0,5.252,4667
band71-120,gbn,1,tcp,1,1,4.583,4562
band71-120,gbn,1,tcp,1,2,4.4,3984
band71-120,gbn,1,tcp,1,3,5.589,4491
band71-120,gbn,1,rdma,2,0,0.13,
band71-120,gbn,1,rdma,2,1,0.05,
band71-120,gbn,1,rdma,2,2,0.13,
band71-120,gbn,1,rdma,2,3,0.13,
band71-120,gbn,1,tcp,2,0,6.532,3862
band71-120,gbn,1,tcp,2,1,5.728,5278
band71-120,gbn,1,tcp,2,2,5.689,6036
band71-120,gbn,1,tcp,2,3,5.056,2410
band71-120,gbn,1,rdma,3,0,0.14,
band71-120,gbn,1,rdma,3,1,0.14,
band71-120,gbn,1,rdma,3,2,0.14,
band71-120,gbn,1,rdma,3,3,0.14,
band71-120,gbn,1,tcp,3,0,6.257,5101
band71-120,gbn,1,tcp,3,1,4.934,3926
band71-120,gbn,1,tcp,3,2,6.08,6498
band71-120,gbn,1,tcp,3,3,6.086,6999
band71-120,gbn,2,rdma,0,0,0.47,
band71-120,gbn,2,rdma,0,1,0.3,
band71-120,gbn,2,rdma,0,2,0.47,
band71-120,gbn,2,rdma,0,3,0.47,
band71-120,gbn,2,tcp,0,0,5.985,5188
band71-120,gbn,2,tcp,0,1,3.776,5730
band71-120,gbn,2,tcp,0,2,4.077,5965
band71-120,gbn,2,tcp,0,3,6.647,6492
band71-120,gbn,2,rdma,1,0,0.21,
band71-120,gbn,2,rdma,1,1,0.38,
band71-120,gbn,2,rdma,1,2,0.21,
band71-120,gbn,2,rdma,1,3,0.38,
band71-120,gbn,2,tcp,1,0,6.067,7899
band71-120,gbn,2,tcp,1,1,3.893,4523
band71-120,gbn,2,tcp,1,2,3.788,3580
band71-120,gbn,2,tcp,1,3,5.87,3379
band71-120,gbn,2,rdma,2,0,0.21,
band71-120,gbn,2,rdma,2,1,0.2,
band71-120,gbn,2,rdma,2,2,0.38,
band71-120,gbn,2,rdma,2,3,0.38,
band71-120,gbn,2,tcp,2,0,5.763,4488
band71-120,gbn,2,tcp,2,1,6.44,7820
band71-120,gbn,2,tcp,2,2,5.797,5004
band71-120,gbn,2,tcp,2,3,6.529,6851
band71-120,gbn,2,rdma,3,0,0.11,
band71-120,gbn,2,rdma,3,1,0.27,
band71-120,gbn,2,rdma,3,2,0.1,
band71-120,gbn,2,rdma,3,3,0.1,
band71-120,gbn,2,tcp,3,0,5.214,4585
band71-120,gbn,2,tcp,3,1,5.901,5558
band71-120,gbn,2,tcp,3,2,5.284,3043
band71-120,gbn,2,tcp,3,3,5.989,5310
band71-120,gbn,3,rdma,0,0,0.36,
band71-120,gbn,3,rdma,0,1,0.13,
band71-120,gbn,3,rdma,0,2,0.13,
band71-120,gbn,3,rdma,0,3,0.14,
band71-120,gbn,3,tcp,0,0,5.546,5840
band71-120,gbn,3,tcp,0,1,3.988,7246
band71-120,gbn,3,tcp,0,2,5.588,5076
band71-120,gbn,3,tcp,0,3,4.005,6800
band71-120,gbn,3,rdma,1,0,0.83,
band71-120,gbn,3,rdma,1,1,0.82,
band71-120,gbn,3,rdma,1,2,0.83,
band71-120,gbn,3,rdma,1,3,0.83,
band71-120,gbn,3,tcp,1,0,6.25,7277
band71-120,gbn,3,tcp,1,1,5.999,5821
band71-120,gbn,3,tcp,1,2,4.055,5202
band71-120,gbn,3,tcp,1,3,4.352,5720
band71-120,gbn,3,rdma,2,0,0.76,
band71-120,gbn,3,rdma,2,1,0.76,
band71-120,gbn,3,rdma,2,2,0.65,
band71-120,gbn,3,rdma,2,3,0.76,
band71-120,gbn,3,tcp,2,0,3.869,3964
band71-120,gbn,3,tcp,2,1,6.155,3043
band71-120,gbn,3,tcp,2,2,5.141,4977
band71-120,gbn,3,tcp,2,3,3.931,4232
band71-120,gbn,3,rdma,3,0,0.7,
band71-120,gbn,3,rdma,3,1,0.36,
band71-120,gbn,3,rdma,3,2,0.7,
band71-120,gbn,3,rdma,3,3,0.7,
band71-120,gbn,3,tcp,3,0,5.924,6792
band71-120,gbn,3,tcp,3,1,5.591,6903
band71-120,gbn,3,tcp,3,2,5.779,8817
band71-120,gbn,3,tcp,3,3,6.155,8141
band71-120,sr,1,rdma,0,0,0.32,
band71-120,sr,1,rdma,0,1,0.31,
band71-120,sr,1,rdma,0,2,0.31,
band71-120,sr,1,rdma,0,3,0.31,
band71-120,sr,1,tcp,0,0,6.193,2612
band71-120,sr,1,tcp,0,1,5.881,4226
band71-120,sr,1,tcp,0,2,6.421,1794
band71-120,sr,1,tcp,0,3,5.977,4675
band71-120,sr,1,rdma,1,0,0.31,
band71-120,sr,1,rdma,1,1,0.31,
band71-120,sr,1,rdma,1,2,0.31,
band71-120,sr,1,rdma,1,3,0.31,
band71-120,sr,1,tcp,1,0,5.878,4888
band71-120,sr,1,tcp,1,1,3.79,3611
band71-120,sr,1,tcp,1,2,3.983,3925
band71-120,sr,1,tcp,1,3,6.364,3932
band71-120,sr,1,rdma,2,0,0.31,
band71-120,sr,1,rdma,2,1,0.31,
band71-120,sr,1,rdma,2,2,0.31,
band71-120,sr,1,rdma,2,3,0.31,
band71-120,sr,1,tcp,2,0,5.135,3480
band71-120,sr,1,tcp,2,1,6.003,5325
band71-120,sr,1,tcp,2,2,6.364,6151
band71-120,sr,1,tcp,2,3,5.382,2948
band71-120,sr,1,rdma,3,0,0.31,
band71-120,sr,1,rdma,3,1,0.31,
band71-120,sr,1,rdma,3,2,0.31,
band71-120,sr,1,rdma,3,3,0.31,
band71-120,sr,1,tcp,3,0,5.514,6639
band71-120,sr,1,tcp,3,1,5.667,5233
band71-120,sr,1,tcp,3,2,4.143,1510
band71-120,sr,1,tcp,3,3,5.537,4328
band71-120,sr,2,rdma,0,0,0.34,
band71-120,sr,2,rdma,0,1,0.34,
band71-120,sr,2,rdma,0,2,0.34,
band71-120,sr,2,rdma,0,3,0.34,
band71-120,sr,2,tcp,0,0,6.123,4076
band71-120,sr,2,tcp,0,1,6.309,4511
band71-120,sr,2,tcp,0,2,6.316,6061
band71-120,sr,2,tcp,0,3,6.021,2472
band71-120,sr,2,rdma,1,0,0.33,
band71-120,sr,2,rdma,1,1,0.33,
band71-120,sr,2,rdma,1,2,0.33,
band71-120,sr,2,rdma,1,3,0.33,
band71-120,sr,2,tcp,1,0,5.484,3837
band71-120,sr,2,tcp,1,1,5.864,3960
band71-120,sr,2,tcp,1,2,6.078,5037
band71-120,sr,2,tcp,1,3,6.224,3647
band71-120,sr,2,rdma,2,0,0.33,
band71-120,sr,2,rdma,2,1,0.33,
band71-120,sr,2,rdma,2,2,0.33,
band71-120,sr,2,rdma,2,3,0.33,
band71-120,sr,2,tcp,2,0,4.398,4107
band71-120,sr,2,tcp,2,1,4.694,4103
band71-120,sr,2,tcp,2,2,5.959,5021
band71-120,sr,2,tcp,2,3,6.03,3993
band71-120,sr,2,rdma,3,0,0.33,
band71-120,sr,2,rdma,3,1,0.33,
band71-120,sr,2,rdma,3,2,0.33,
band71-120,sr,2,rdma,3,3,0.33,
band71-120,sr,2,tcp,3,0,6.053,3779
band71-120,sr,2,tcp,3,1,3.802,6924
band71-120,sr,2,tcp,3,2,3.818,7501
band71-120,sr,2,tcp,3,3,5.541,3864
band71-120,sr,3,rdma,0,0,0.61,
band71-120,sr,3,rdma,0,1,0.61,
band71-120,sr,3,rdma,0,2,0.61,
band71-120,sr,3,rdma,0,3,0.61,
band71-120,sr,3,tcp,0,0,5.685,3881
band71-120,sr,3,tcp,0,1,5.868,2850
band71-120,sr,3,tcp,0,2,3.719,5180
band71-120,sr,3,tcp,0,3,4.33,6341
band71-120,sr,3,rdma,1,0,0.61,
band71-120,sr,3,rdma,1,1,0.61,
band71-120,sr,3,rdma,1,2,0.61,
band71-120,sr,3,rdma,1,3,0.61,
band71-120,sr,3,tcp,1,0,5.974,2798
band71-120,sr,3,tcp,1,1,6.276,5502
band71-120,sr,3,tcp,1,2,3.357,5312
band71-120,sr,3,tcp,1,3,3.766,5876
band71-120,sr,3,rdma,2,0,0.6,
band71-120,sr,3,rdma,2,1,0.6,
band71-120,sr,3,rdma,2,2,0.6,
band71-120,sr,3,rdma,2,3,0.6,
band71-120,sr,3,tcp,2,0,6.556,4836
band71-120,sr,3,tcp,2,1,6.665,5287
band71-120,sr,3,tcp,2,2,5.87,5873
band71-120,sr,3,tcp,2,3,6.839,7294
band71-120,sr,3,rdma,3,0,0.61,
band71-120,sr,3,rdma,3,1,0.61,
band71-120,sr,3,rdma,3,2,0.61,
band71-120,sr,3,rdma,3,3,0.61,
band71-120,sr,3,tcp,3,0,3.935,1597
band71-120,sr,3,tcp,3,1,4.55,4822
band71-120,sr,3,tcp,3,2,4.356,4757
band71-120,sr,3,tcp,3,3,6.942,5090
band96-143,gbn,1,rdma,0,0,1.49,
band96-143,gbn,1,rdma,0,1,1.2,
band96-143,gbn,1,rdma,0,2,1.04,
band96-143,gbn,1,rdma,0,3,1.28,
band96-143,gbn,1,tcp,0,0,3.656,3411
band96-143,gbn,1,tcp,0,1,3.011,3001
band96-143,gbn,1,tcp,0,2,3.82,1326
band96-143,gbn,1,tcp,0,3,3.799,1262
band96-143,gbn,1,rdma,1,0,1.81,
band96-143,gbn,1,rdma,1,1,1.6,
band96-143,gbn,1,rdma,1,2,1.8,
band96-143,gbn,1,rdma,1,3,1.38,
band96-143,gbn,1,tcp,1,0,3.953,1185
band96-143,gbn,1,tcp,1,1,4.768,1274
band96-143,gbn,1,tcp,1,2,4.599,1514
band96-143,gbn,1,tcp,1,3,4.17,3551
band96-143,gbn,1,rdma,2,0,1.63,
band96-143,gbn,1,rdma,2,1,1.32,
band96-143,gbn,1,rdma,2,2,1.41,
band96-143,gbn,1,rdma,2,3,1.3,
band96-143,gbn,1,tcp,2,0,3.983,1267
band96-143,gbn,1,tcp,2,1,3.618,3242
band96-143,gbn,1,tcp,2,2,3.824,3527
band96-143,gbn,1,tcp,2,3,3.827,1365
band96-143,gbn,1,rdma,3,0,1.25,
band96-143,gbn,1,rdma,3,1,1.08,
band96-143,gbn,1,rdma,3,2,1.28,
band96-143,gbn,1,rdma,3,3,1.55,
band96-143,gbn,1,tcp,3,0,4.31,3674
band96-143,gbn,1,tcp,3,1,4.829,2983
band96-143,gbn,1,tcp,3,2,4.615,2674
band96-143,gbn,1,tcp,3,3,3.698,2594
band96-143,gbn,2,rdma,0,0,1.58,
band96-143,gbn,2,rdma,0,1,1.26,
band96-143,gbn,2,rdma,0,2,1.7,
band96-143,gbn,2,rdma,0,3,1.42,
band96-143,gbn,2,tcp,0,0,3.723,2019
band96-143,gbn,2,tcp,0,1,3.771,1419
band96-143,gbn,2,tcp,0,2,4.0,1129
band96-143,gbn,2,tcp,0,3,3.229,1623
band96-143,gbn,2,rdma,1,0,1.26,
band96-143,gbn,2,rdma,1,1,0.79,
band96-143,gbn,2,rdma,1,2,0.83,
band96-143,gbn,2,rdma,1,3,0.77,
band96-143,gbn,2,tcp,1,0,4.21,1674
band96-143,gbn,2,tcp,1,1,3.903,4297
band96-143,gbn,2,tcp,1,2,4.385,1238
band96-143,gbn,2,tcp,1,3,3.513,1660
band96-143,gbn,2,rdma,2,0,1.92,
band96-143,gbn,2,rdma,2,1,1.34,
band96-143,gbn,2,rdma,2,2,1.95,
band96-143,gbn,2,rdma,2,3,1.93,
band96-143,gbn,2,tcp,2,0,3.083,2556
band96-143,gbn,2,tcp,2,1,3.969,2339
band96-143,gbn,2,tcp,2,2,3.583,1801
band96-143,gbn,2,tcp,2,3,3.531,2038
band96-143,gbn,2,rdma,3,0,1.3,
band96-143,gbn,2,rdma,3,1,1.68,
band96-143,gbn,2,rdma,3,2,1.71,
band96-143,gbn,2,rdma,3,3,1.13,
band96-143,gbn,2,tcp,3,0,4.099,2740
band96-143,gbn,2,tcp,3,1,4.295,2115
band96-143,gbn,2,tcp,3,2,3.63,2273
band96-143,gbn,2,tcp,3,3,3.743,1516
band96-143,gbn,3,rdma,0,0,1.33,
band96-143,gbn,3,rdma,0,1,1.79,
band96-143,gbn,3,rdma,0,2,1.62,
band96-143,gbn,3,rdma,0,3,1.68,
band96-143,gbn,3,tcp,0,0,3.872,1019
band96-143,gbn,3,tcp,0,1,3.635,947
band96-143,gbn,3,tcp,0,2,3.928,820
band96-143,gbn,3,tcp,0,3,4.397,1270
band96-143,gbn,3,rdma,1,0,1.26,
band96-143,gbn,3,rdma,1,1,1.09,
band96-143,gbn,3,rdma,1,2,1.27,
band96-143,gbn,3,rdma,1,3,1.55,
band96-143,gbn,3,tcp,1,0,4.074,2282
band96-143,gbn,3,tcp,1,1,2.849,2012
band96-143,gbn,3,tcp,1,2,3.502,2673
band96-143,gbn,3,tcp,1,3,3.683,3063
band96-143,gbn,3,rdma,2,0,1.85,
band96-143,gbn,3,rdma,2,1,1.85,
band96-143,gbn,3,rdma,2,2,1.22,
band96-143,gbn,3,rdma,2,3,1.85,
band96-143,gbn,3,tcp,2,0,4.584,1021
band96-143,gbn,3,tcp,2,1,3.811,2592
band96-143,gbn,3,tcp,2,2,4.082,1378
band96-143,gbn,3,tcp,2,3,4.169,1163
band96-143,gbn,3,rdma,3,0,1.28,
band96-143,gbn,3,rdma,3,1,1.71,
band96-143,gbn,3,rdma,3,2,1.68,
band96-143,gbn,3,rdma,3,3,1.25,
band96-143,gbn,3,tcp,3,0,3.999,1809
band96-143,gbn,3,tcp,3,1,2.994,1537
band96-143,gbn,3,tcp,3,2,3.753,1762
band96-143,gbn,3,tcp,3,3,3.291,1999
band96-143,sr,1,rdma,0,0,1.25,
band96-143,sr,1,rdma,0,1,1.25,
band96-143,sr,1,rdma,0,2,1.26,
band96-143,sr,1,rdma,0,3,1.26,
band96-143,sr,1,tcp,0,0,4.792,1294
band96-143,sr,1,tcp,0,1,5.363,803
band96-143,sr,1,tcp,0,2,3.782,2311
band96-143,sr,1,tcp,0,3,3.39,2426
band96-143,sr,1,rdma,1,0,1.25,
band96-143,sr,1,rdma,1,1,1.26,
band96-143,sr,1,rdma,1,2,1.26,
band96-143,sr,1,rdma,1,3,1.25,
band96-143,sr,1,tcp,1,0,5.554,1371
band96-143,sr,1,tcp,1,1,4.698,1493
band96-143,sr,1,tcp,1,2,4.605,1111
band96-143,sr,1,tcp,1,3,4.803,743
band96-143,sr,1,rdma,2,0,1.23,
band96-143,sr,1,rdma,2,1,1.25,
band96-143,sr,1,rdma,2,2,1.25,
band96-143,sr,1,rdma,2,3,1.24,
band96-143,sr,1,tcp,2,0,5.247,737
band96-143,sr,1,tcp,2,1,5.6,2441
band96-143,sr,1,tcp,2,2,5.345,1850
band96-143,sr,1,tcp,2,3,4.246,2290
band96-143,sr,1,rdma,3,0,1.26,
band96-143,sr,1,rdma,3,1,1.26,
band96-143,sr,1,rdma,3,2,1.25,
band96-143,sr,1,rdma,3,3,1.26,
band96-143,sr,1,tcp,3,0,4.673,1977
band96-143,sr,1,tcp,3,1,3.448,2209
band96-143,sr,1,tcp,3,2,3.294,1812
band96-143,sr,1,tcp,3,3,5.115,1226
band96-143,sr,2,rdma,0,0,1.25,
band96-143,sr,2,rdma,0,1,1.25,
band96-143,sr,2,rdma,0,2,1.24,
band96-143,sr,2,rdma,0,3,1.24,
band96-143,sr,2,tcp,0,0,5.298,2125
band96-143,sr,2,tcp,0,1,3.176,1894
band96-143,sr,2,tcp,0,2,2.809,1858
band96-143,sr,2,tcp,0,3,5.104,1481
band96-143,sr,2,rdma,1,0,1.25,
band96-143,sr,2,rdma,1,1,1.25,
band96-143,sr,2,rdma,1,2,1.24,
band96-143,sr,2,rdma,1,3,1.25,
band96-143,sr,2,tcp,1,0,3.588,2407
band96-143,sr,2,tcp,1,1,4.034,2459
band96-143,sr,2,tcp,1,2,4.805,1555
band96-143,sr,2,tcp,1,3,5.263,1155
band96-143,sr,2,rdma,2,0,1.25,
band96-143,sr,2,rdma,2,1,1.25,
band96-143,sr,2,rdma,2,2,1.25,
band96-143,sr,2,rdma,2,3,1.25,
band96-143,sr,2,tcp,2,0,4.945,1677
band96-143,sr,2,tcp,2,1,3.803,2915
band96-143,sr,2,tcp,2,2,4.182,2619
band96-143,sr,2,tcp,2,3,5.212,885
band96-143,sr,2,rdma,3,0,1.25,
band96-143,sr,2,rdma,3,1,1.23,
band96-143,sr,2,rdma,3,2,1.24,
band96-143,sr,2,rdma,3,3,1.25,
band96-143,sr,2,tcp,3,0,5.526,1631
band96-143,sr,2,tcp,3,1,5.276,1040
band96-143,sr,2,tcp,3,2,5.132,1739
band96-143,sr,2,tcp,3,3,5.688,457
band96-143,sr,3,rdma,0,0,1.26,
band96-143,sr,3,rdma,0,1,1.25,
band96-143,sr,3,rdma,0,2,1.26,
band96-143,sr,3,rdma,0,3,1.25,
band96-143,sr,3,tcp,0,0,4.66,1278
band96-143,sr,3,tcp,0,1,5.009,1343
band96-143,sr,3,tcp,0,2,5.197,1393
band96-143,sr,3,tcp,0,3,5.31,654
band96-143,sr,3,rdma,1,0,1.26,
band96-143,sr,3,rdma,1,1,1.25,
band96-143,sr,3,rdma,1,2,1.25,
band96-143,sr,3,rdma,1,3,1.25,
band96-143,sr,3,tcp,1,0,4.845,3248
band96-143,sr,3,tcp,1,1,4.97,1225
band96-143,sr,3,tcp,1,2,5.214,1320
band96-143,sr,3,tcp,1,3,5.159,953
band96-143,sr,3,rdma,2,0,1.26,
band96-143,sr,3,rdma,2,1,1.26,
band96-143,sr,3,rdma,2,2,1.26,
band96-143,sr,3,rdma,2,3,1.26,
band96-143,sr,3,tcp,2,0,5.537,877
band96-143,sr,3,tcp,2,1,3.624,1724
band96-143,sr,3,tcp,2,2,4.398,2186
band96-143,sr,3,tcp,2,3,5.034,1576
band96-143,sr,3,rdma,3,0,1.25,
band96-143,sr,3,rdma,3,1,1.25,
band96-143,sr,3,rdma,3,2,1.26,
band96-143,sr,3,rdma,3,3,1.25,
band96-143,sr,3,tcp,3,0,3.798,1938
band96-143,sr,3,tcp,3,1,4.108,3574
band96-143,sr,3,tcp,3,2,3.406,2451
band96-143,sr,3,tcp,3,3,3.626,1785
